enrollee_id,target
16548,0.7268911
12036,0.12792134
11061,0.3049003
5032,0.043963652
17599,0.04199832
19314,0.12645987
12365,0.26271242
22696,0.03727558
16083,0.054863635
33240,0.057406444
813,0.062049318
1362,0.055645842
3821,0.06905791
26316,0.32263818
29269,0.097483724
22524,0.12151843
30407,0.15361579
863,0.041588187
27743,0.066089205
29303,0.10865368
1019,0.08449607
8819,0.12091702
5397,0.10757931
14697,0.08675692
10407,0.009356071
19224,0.10114826
735,0.021702653
14106,0.35760725
858,0.05438514
9061,0.022989726
12775,0.13385469
7964,0.25753546
30781,0.06109932
29346,0.09752101
17991,0.093852066
15768,0.119287826
15378,0.033547953
27248,0.011409423
5931,0.040592283
11897,0.044122063
10606,0.0750513
28368,0.11758655
11081,0.053959962
19611,0.053210795
1283,0.17023945
18590,0.13517632
2076,0.02394806
19130,0.05237682
29874,0.07340471
16387,0.0233177
22536,0.13272543
30268,0.16313632
23258,0.08423453
14201,0.22601166
10551,0.038458157
28787,0.065892875
23340,0.21681435
26020,0.021720422
22989,0.07243426
14594,0.1287458
10127,0.10884513
18684,0.05373401
20163,0.26686862
997,0.085815705
32505,0.51216084
28948,0.086970866
19793,0.10646499
22487,0.1037808
28765,0.0997147
28078,0.07086733
3780,0.21543035
15396,0.112322606
31167,0.06224958
8834,0.1612398
12051,0.122812144
29453,0.19249375
4305,0.055458773
28298,0.12064282
33189,0.09615859
6611,0.07999196
4763,0.3763912
11459,0.08188621
4870,0.12244882
12630,0.12300121
29618,0.013622808
30033,0.1819976
25404,0.06232704
5522,0.17270325
13026,0.078037515
14788,0.01855809
8450,0.065010555
15425,0.10529171
17221,0.48932204
32535,0.098399736
3356,0.07555208
6938,0.07205462
25715,0.0970804
25064,0.031772923
29805,0.08751052
20608,0.24877688
32283,0.043964095
17793,0.046785578
1525,0.091564216
3579,0.2150234
1704,0.05258799
16657,0.04761897
21066,0.16569988
32817,0.0514804
24938,0.0783649
2837,0.57418466
1157,0.009278768
33154,0.12598607
27434,0.16142803
15056,0.081593856
2555,0.09268459
19701,0.11517085
25529,0.08699906
17070,0.24146177
26053,0.071258955
30684,0.009737497
2815,0.0727893
31291,0.009228399
26903,0.11371325
32889,0.13500173
20873,0.043569133
27921,0.078223474
16150,0.07679529
31345,0.027260046
13375,0.1387484
12369,0.21123232
30180,0.061334193
33355,0.078371346
2417,0.18218966
30481,0.05784245
5540,0.02667303
32713,0.122905314
263,0.545593
20373,0.11598712
4991,0.095922574
24045,0.21425594
17697,0.15187974
30866,0.07647082
12996,0.15672141
25973,0.022028273
18035,0.13536237
8980,0.047144484
6515,0.13947383
24754,0.08250401
3901,0.08529196
8499,0.18375124
6139,0.013541464
31696,0.042935695
24611,0.10960654
18882,0.009947843
11713,0.24117154
7027,0.21180011
23513,0.051168744
3013,0.12296217
11584,0.13827665
24451,0.108202666
17738,0.21345142
30028,0.3990256
9366,0.11291887
25896,0.05740046
29281,0.28362614
31222,0.14431597
11790,0.14254881
15533,0.104893655
10055,0.13294323
32053,0.24484672
9977,0.038880493
30111,0.20226884
20140,0.17896654
24780,0.21097678
33097,0.044026695
1312,0.051586058
8694,0.03543103
14127,0.0635115
29904,0.07404759
29099,0.06377914
18616,0.054685548
31040,0.15327217
28643,0.16566737
7132,0.11019283
30579,0.1576556
19419,0.038857907
7835,0.03466494
11957,0.16878924
20303,0.09095567
20120,0.039528098
24434,0.20157833
25972,0.022385456
10442,0.066148974
24285,0.6228914
8925,0.054940425
26227,0.10262668
15960,0.119380966
28482,0.20996805
23555,0.0668069
10319,0.16191082
9717,0.25037974
24606,0.32833853
4545,0.038917467
30371,0.35453263
10309,0.024839038
11076,0.023473967
14411,0.35552868
18403,0.016034344
30763,0.44066027
10772,0.03556176
10597,0.109959066
6940,0.03509424
14149,0.30080244
30682,0.25699058
33089,0.07230568
28300,0.31319433
28024,0.055965487
15923,0.080699734
23021,0.037888758
9271,0.37995154
24649,0.09078875
25717,0.031378508
21247,0.3760872
2302,0.056104552
32609,0.1258874
27506,0.06393736
30403,0.5148177
6612,0.06738208
14011,0.17476554
22398,0.10378898
13659,0.052491024
7087,0.06269064
33044,0.13447578
29659,0.17062731
23199,0.09039894
1093,0.08122627
12165,0.077533275
27636,0.017820098
11850,0.08652111
1929,0.02328084
31747,0.14121488
29506,0.04339878
10320,0.07548964
4209,0.020085955
28190,0.07921003
26665,0.33433104
13817,0.38951358
2899,0.2446545
8530,0.22407083
28742,0.07007543
4944,0.11972897
16458,0.51456404
23632,0.16617206
7422,0.13030842
14564,0.16079685
18967,0.17028177
12862,0.2955757
18021,0.18852589
27748,0.21461062
1683,0.0964219
13043,0.05904369
274,0.06322332
30001,0.022821717
19300,0.25457317
25154,0.1348694
1387,0.12493304
6261,0.1977706
22427,0.21575034
1348,0.11274453
23959,0.09957088
24455,0.0687117
6441,0.20265374
13576,0.048261352
21421,0.059407648
18542,0.050367977
2303,0.13383847
4541,0.079372
22275,0.014946812
14004,0.20259117
2246,0.057040315
23304,0.1976277
28181,0.23841226
28971,0.062855884
10488,0.3792067
23594,0.19162554
25132,0.08437544
11381,0.034890696
8885,0.07108965
23577,0.017631318
26207,0.07522956
11901,0.25037974
27544,0.090568885
30808,0.029651565
4629,0.18870331
8110,0.14586884
28621,0.12823083
30647,0.12882575
8427,0.016277874
14577,0.34619728
28792,0.4046654
17562,0.12928285
22218,0.46860814
4942,0.17591895
29970,0.06780926
5829,0.25704262
4243,0.1135908
7600,0.057657614
16780,0.051300548
4979,0.12008412
4473,0.29347235
13871,0.04933276
5314,0.30516487
20327,0.15065867
29210,0.1115296
10237,0.038469836
26825,0.04053015
32970,0.22970526
13250,0.2840411
7381,0.042310685
30473,0.19109009
9636,0.0560727
31683,0.066131234
19525,0.25694293
31584,0.05877819
18901,0.08419426
340,0.0020630744
28881,0.20660636
29003,0.054614663
23445,0.15368667
19486,0.09858026
26531,0.13031097
15476,0.06142603
8078,0.032699093
9731,0.18235737
5959,0.18896742
10208,0.039592206
11322,0.11410368
1118,0.043678343
15482,0.12920995
14191,0.14165698
31824,0.020178355
9215,0.2845183
17787,0.10577285
18472,0.28233442
1142,0.024984153
26038,0.17531507
31976,0.08210535
17174,0.009965686
819,0.13118145
3189,0.07258163
4734,0.039689843
20936,0.19080956
10966,0.3442601
21084,0.039629318
3171,0.11134782
2483,0.15488158
14282,0.08966283
5863,0.070982754
32830,0.15805326
3333,0.031576984
16152,0.04674667
9535,0.088764004
20776,0.08449832
33351,0.122339115
19444,0.18543507
15447,0.030449443
17912,0.1100922
11109,0.038500454
21309,0.18730515
29469,0.09991253
3648,0.007762718
11115,0.10776921
14807,0.051745433
18390,0.12645854
27682,0.08586133
25516,0.06440949
27042,0.021439692
9707,0.39943755
4098,0.14124912
16288,0.04939135
29114,0.17273095
920,0.1823796
7015,0.06729518
32618,0.032185655
23029,0.08244604
1273,0.2957363
1154,0.064837754
3382,0.025448693
22533,0.1788819
16613,0.11210177
10591,0.27707034
11702,0.20982184
25036,0.031515326
25908,0.040759943
9328,0.018361755
18570,0.18044823
16377,0.04794635
1918,0.30094212
5016,0.13457926
6799,0.058622383
27432,0.12334506
5084,0.1459139
28274,0.060209934
32752,0.053040527
3515,0.12499669
23754,0.39723513
1062,0.1306668
25454,0.05521236
9996,0.14506656
6373,0.03664249
31597,0.10882685
27118,0.06807147
17264,0.06064168
13980,0.11812183
10147,0.3717344
25488,0.041057553
32686,0.20476705
1493,0.09727858
1843,0.06346536
13780,0.13338073
31797,0.28258044
18719,0.22265854
22422,0.08633245
22859,0.050117914
7547,0.057457864
11759,0.12002746
7582,0.31823003
267,0.16706151
11913,0.07389466
7978,0.19502749
27768,0.0932693
27267,0.028515924
11095,0.008379321
8372,0.019885225
5984,0.1282595
30724,0.24592246
12535,0.040264208
7622,0.047918275
26753,0.12570246
9790,0.2400994
16515,0.28085008
8569,0.2677087
7400,0.083610594
1245,0.019094791
18336,0.09278886
24528,0.28578314
1382,0.25763106
24352,0.06813463
32543,0.054951664
17036,0.10547676
18120,0.18775046
22560,0.13889699
704,0.019928942
33324,0.29399255
4329,0.1100465
21971,0.055489894
8995,0.24071786
23607,0.10800529
32701,0.049957268
6962,0.2357666
8127,0.055895053
22658,0.035695896
18934,0.14510092
29583,0.041006405
4796,0.06199355
6116,0.040879887
24703,0.09380938
23219,0.124035455
22799,0.052116245
33160,0.014367075
18986,0.10185652
21327,0.18027942
13680,0.045247942
21825,0.044322427
2721,0.1663937
18425,0.4364958
15408,0.068128325
18326,0.22070433
10658,0.26873705
7070,0.06841745
20876,0.17070158
21114,0.12885895
8472,0.049437784
31563,0.11184027
28846,0.12186376
23053,0.14765373
32028,0.13154127
29784,0.065919355
16997,0.096907206
18355,0.2515474
30847,0.0491772
13841,0.23597768
18197,0.05503111
28060,0.049105387
16197,0.14813219
3471,0.059678603
20009,0.14143127
16602,0.030434702
26534,0.17957458
26089,0.121236004
12502,0.31332687
15073,0.18098788
25259,0.102529235
32479,0.17322735
3963,0.09688238
18314,0.013598661
3736,0.111038394
23637,0.11963256
32876,0.021095464
25338,0.120193005
26816,0.44399974
10071,0.06360338
14710,0.06288246
15111,0.08763436
6487,0.23151052
839,0.047358297
14595,0.35537758
23338,0.3078894
793,0.070181966
7619,0.32327875
5086,0.030349143
26231,0.08348478
15727,0.051008962
30631,0.19883016
28466,0.07753399
14801,0.04912516
10950,0.02961314
22709,0.08510861
22876,0.08036647
2343,0.099506184
24009,0.18324585
33140,0.16500707
29717,0.095960505
27130,0.2999818
23368,0.11689558
12526,0.29711586
25760,0.16441293
206,0.08228064
6237,0.107304715
29192,0.13905327
8922,0.14048645
19322,0.10034003
23059,0.07269662
10925,0.10498526
7902,0.1366771
23776,0.07530743
8019,0.08379144
24822,0.06926217
21213,0.056900557
6661,0.09339952
20119,0.10297139
4544,0.007597776
19490,0.23671675
14176,0.16502354
18931,0.05734021
22804,0.22929487
14116,0.098720685
260,0.22229715
14057,0.088591136
15512,0.13270299
25751,0.10143099
10837,0.056518313
18591,0.061566014
20682,0.10296951
9041,0.18632516
21208,0.15385172
19564,0.045603145
9228,0.058131114
20175,0.14652576
25702,0.15688676
31835,0.67222023
1546,0.08805241
24412,0.050700348
26171,0.105996124
28167,0.13782533
5291,0.21651745
3101,0.049593147
19558,0.12856564
23605,0.037258137
13407,0.033216517
6239,0.017387604
5612,0.16774462
4471,0.13149348
27496,0.03620572
17138,0.17299955
1624,0.02479281
6916,0.12632218
15057,0.02126051
10203,0.42654762
2250,0.14811373
20360,0.16701159
11057,0.072620586
25313,0.12474651
10932,0.1584379
9493,0.02159464
21771,0.19194087
14028,0.03348593
9204,0.045419082
4185,0.023855152
25606,0.08730453
16076,0.073788084
23791,0.13138884
13760,0.13617678
1960,0.14863834
26095,0.053538863
33117,0.042123355
6386,0.25162458
2453,0.35406908
24851,0.048411272
12998,0.05254682
30429,0.14795299
807,0.051045235
6743,0.06574808
19514,0.21276653
14829,0.3931379
14480,0.22547781
3943,0.39926094
1983,0.49183488
28766,0.036260743
6591,0.03775559
15963,0.051341098
19921,0.078138255
3395,0.25012097
902,0.07138589
3553,0.052408356
5283,0.1878496
28842,0.1849425
603,0.20756495
4671,0.18046694
16661,0.09183667
24803,0.08293182
17449,0.011718578
23709,0.025001653
7123,0.07616075
12569,0.051560357
21568,0.057374537
24889,0.2196629
13958,0.0074171373
5663,0.17441396
31319,0.10991676
32844,0.037137575
15909,0.06847787
1447,0.05940044
17578,0.13796797
21302,0.19169064
26283,0.09260442
32418,0.14739929
1168,0.09271309
15284,0.096135214
19018,0.18632276
32809,0.29559433
17198,0.27477923
13139,0.2156599
6741,0.10695352
21445,0.1749261
16987,0.06274609
28244,0.09045032
42,0.18152823
11860,0.08250122
14782,0.034110572
16619,0.080851585
17597,0.071350716
7459,0.22725502
2765,0.11617479
23977,0.19282901
26743,0.08394596
13704,0.13354534
17856,0.17614241
6767,0.11590427
4551,0.06264325
5578,0.09325881
31405,0.16842875
21113,0.10168639
32067,0.26882464
4253,0.0653189
13087,0.03446305
32759,0.19837585
6368,0.08482387
28849,0.038878758
32590,0.26545215
23442,0.062506326
10149,0.14199844
11792,0.018927947
10201,0.045092825
31963,0.12855892
10139,0.17082208
19046,0.14527354
22109,0.27685732
3207,0.015032092
19203,0.12176227
14733,0.051768627
2606,0.39026445
24469,0.20942067
22081,0.24628708
32432,0.058838066
5456,0.060626972
27127,0.02378887
16724,0.07490924
3110,0.02790287
19065,0.064208195
21138,0.10282919
10816,0.09399132
7046,0.05625077
7567,0.06146112
12954,0.023733282
14223,0.079213016
10034,0.076335885
28269,0.07468598
32547,0.05111908
18948,0.2764733
28353,0.06058554
17253,0.08653982
7172,0.109861515
23477,0.028693289
30844,0.16697404
20713,0.17477134
2390,0.022196375
22464,0.2198621
18588,0.072078474
2166,0.07683649
32474,0.06239288
8923,0.04015027
9252,0.31093535
32016,0.03504913
32744,0.08733761
4756,0.16742231
6383,0.34637824
30426,0.27073342
10086,0.21855082
6258,0.047448173
4646,0.09704754
11051,0.33644134
1652,0.24129792
20963,0.14704981
12820,0.051985856
8413,0.073499106
23866,0.0560683
9072,0.02600603
8103,0.075860575
16084,0.28777045
7592,0.53369147
5563,0.10864472
30820,0.07987704
12723,0.060308922
31820,0.16291855
25244,0.07676264
13148,0.15121573
4845,0.15743499
26409,0.06427532
158,0.29973686
32041,0.35552818
6600,0.070272334
27930,0.07853118
20867,0.11059386
4429,0.05692861
19340,0.10237638
15522,0.15464607
29954,0.12887067
9377,0.09830004
2812,0.20261744
21714,0.09708005
12010,0.068481594
618,0.24706471
18418,0.14239427
20058,0.08895948
9545,0.047193494
17361,0.040626023
33024,0.12595998
31154,0.17625144
26258,0.16715471
23460,0.050618503
30985,0.80133677
28872,0.31172615
19324,0.040089525
3282,0.05797052
28158,0.026828796
26943,0.042102724
23816,0.06334666
6929,0.22190991
30746,0.16686799
28487,0.119168684
29963,0.11112479
17181,0.084765956
1541,0.09455777
7220,0.082362376
27396,0.029932925
26469,0.060524777
14220,0.04455922
6150,0.13543351
4737,0.10783236
13032,0.11922188
10334,0.06995813
17450,0.3595242
26807,0.09044146
24578,0.101882845
29158,0.0483649
12916,0.24439183
18490,0.055316873
12734,0.097021215
21988,0.035542354
20638,0.18144058
30320,0.049323637
9617,0.103488185
7171,0.17471308
23542,0.07929629
23588,0.16998032
16785,0.0674671
18534,0.20561394
4407,0.3113333
6375,0.04728248
8740,0.06286944
8444,0.10176299
26369,0.12803313
11358,0.0542396
14671,0.06002185
24082,0.49472368
4850,0.12204844
23986,0.448915
16237,0.26655734
20355,0.25563237
2298,0.082207575
5639,0.022068907
11520,0.05200756
17545,0.055386867
11974,0.12713242
31876,0.14733969
1839,0.15828374
2592,0.06430433
20428,0.2255566
32316,0.022051742
1800,0.3468367
23928,0.3594328
1204,0.16333623
26470,0.13038196
31895,0.2108861
7444,0.13574469
20545,0.0882032
8289,0.12832691
20851,0.09908412
27338,0.34936237
29539,0.06428264
38,0.18751276
32860,0.022333046
29931,0.051395595
5977,0.06596317
19557,0.3289382
26883,0.17390443
25551,0.048978187
25859,0.068235084
17576,0.070241794
26980,0.08277935
3583,0.07007905
25146,0.11603199
5361,0.1438094
1989,0.38514602
7692,0.23929162
19992,0.1927578
18074,0.07523465
4641,0.048907418
10143,0.058743563
4208,0.15483838
623,0.08012839
13738,0.21384458
10877,0.029526955
25816,0.1753363
12199,0.052550156
1006,0.5504747
30593,0.207115
1197,0.1103388
15304,0.0952586
5345,0.051516782
9198,0.08427899
22510,0.27407217
24791,0.13461797
32943,0.12984304
27348,0.08588557
7401,0.0508527
18004,0.27142647
26893,0.01326494
20279,0.14165716
18610,0.036288533
27495,0.21153475
27067,0.27801487
12293,0.08064716
20088,0.05124801
22020,0.20284854
27634,0.26411432
30565,0.16920571
6805,0.0659464
20722,0.08841035
6041,0.1988551
3270,0.12072662
25703,0.112561874
17603,0.027278475
25390,0.17390987
15397,0.028458871
4561,0.22191705
5177,0.18282612
24847,0.34905452
1310,0.087778434
28422,0.073286764
10389,0.09553908
27294,0.03223134
33322,0.092804536
22179,0.06793366
7947,0.15584783
25122,0.046205737
11767,0.04998528
192,0.10606816
11896,0.120598115
14666,0.19341378
17171,0.033704244
677,0.04074946
3305,0.053596485
13566,0.14310539
17219,0.11630522
26865,0.06041739
14067,0.13768683
2023,0.42299983
14852,0.038384475
11559,0.055406045
17563,0.046701696
13057,0.11243012
7284,0.063903525
14155,0.16184951
8660,0.2703174
29077,0.06216423
18612,0.03605826
22707,0.094668075
5048,0.028410362
18987,0.07541248
4248,0.028640721
30148,0.007960888
5234,0.25820643
14397,0.07193111
27754,0.014864305
24401,0.04981613
30529,0.05315701
18156,0.04092335
2657,0.03796299
24550,0.08093649
7223,0.1461633
11451,0.121232726
24287,0.15563695
13578,0.12098846
22628,0.05395882
14362,0.180934
21901,0.08841248
8823,0.118675455
1514,0.17695053
30104,0.091921985
8300,0.06881944
23793,0.036980238
6759,0.09781416
25671,0.05195921
26722,0.27262232
28592,0.22434455
4861,0.28630924
14280,0.042752687
17551,0.042473275
8459,0.12533763
483,0.051347412
28734,0.07274014
13301,0.025816048
24176,0.045915566
9716,0.18056461
19952,0.038728572
29892,0.075628184
13660,0.04356229
22732,0.023630988
15823,0.27312067
26399,0.24361801
7652,0.17683677
15488,0.065432206
22426,0.057770483
5025,0.05728573
18036,0.087693386
10342,0.09892539
19501,0.18220615
29194,0.105678394
26297,0.2857667
18046,0.030757613
17007,0.07132451
10508,0.042862672
2320,0.09960535
32359,0.07154831
5033,0.04934051
6077,0.0453009
30067,0.2712307
2898,0.0270631
32772,0.34939525
26956,0.06883078
11735,0.16683531
22228,0.21478142
15907,0.09647261
17019,0.06613448
11136,0.06646812
16605,0.06811434
10802,0.05103945
4521,0.26602933
3254,0.008507308
10573,0.047135092
19133,0.058134336
406,0.06877612
11300,0.016223613
4071,0.2598276
5230,0.031156842
6861,0.09314201
2404,0.1656083
22691,0.10165653
19458,0.113141775
24693,0.07683983
27243,0.23605335
32379,0.1273305
29768,0.053833477
32456,0.031201694
23046,0.08517834
22031,0.018778877
11793,0.19258131
29254,0.2638956
26894,0.040979937
1730,0.24021539
4300,0.11672264
26821,0.06408588
24554,0.06130326
30286,0.053594224
1136,0.05621098
20825,0.0832154
17618,0.105564766
10277,0.075769246
27215,0.08062613
7653,0.2647539
29212,0.07171236
21214,0.11157041
12592,0.033797782
9388,0.22507939
23331,0.2026769
28797,0.060755666
29983,0.049415797
20039,0.047352772
29579,0.08320419
13247,0.13126068
24648,0.2619422
21653,0.114615984
15168,0.20533365
4790,0.16690665
965,0.07368712
22792,0.05984159
21658,0.23019849
31419,0.078564264
31476,0.061311126
4026,0.006647423
21859,0.07149888
10612,0.14497133
13171,0.15079479
12298,0.06653113
6710,0.031460796
15876,0.042395532
9639,0.09536995
23957,0.04202087
32083,0.042719204
446,0.045392793
771,0.018700296
7486,0.09782502
7575,0.11939124
11626,0.1326688
32670,0.0739958
26784,0.10280933
20217,0.043503936
17154,0.026257396
56,0.031434994
14018,0.30302167
25326,0.059210766
31418,0.059124023
16205,0.04488032
5625,0.12647414
20783,0.048069317
19610,0.1358703
18703,0.025370669
1003,0.0064250734
31455,0.20885497
7820,0.008805289
8598,0.16215554
1377,0.24999881
13475,0.12312016
19093,0.035943665
1256,0.031931546
19271,0.16999213
9799,0.19139782
22679,0.036908474
26828,0.07914265
30479,0.05121446
5235,0.35458103
7114,0.24479644
20418,0.082112685
21618,0.034103055
9908,0.036424343
1823,0.25839168
30842,0.12789676
12728,0.07581592
1821,0.034344755
15155,0.06974471
18812,0.23656937
22380,0.066662624
8686,0.33292267
24043,0.21370423
19944,0.03895983
26763,0.2407275
30167,0.18882386
3844,0.17113666
33255,0.1513162
14184,0.11770411
18414,0.0622365
3603,0.34793413
26599,0.18153696
23387,0.10555404
11064,0.13550343
17356,0.045367695
377,0.07563348
504,0.14296806
13895,0.094342746
16266,0.23470473
10557,0.2753672
27746,0.038459446
21322,0.39792588
26971,0.034979768
4064,0.21015485
15725,0.052995913
32381,0.08150653
23781,0.040291097
31840,0.096059084
17313,0.31763083
26000,0.10276704
16393,0.07706082
32194,0.047035933
13565,0.26564264
4807,0.15377647
14222,0.024399208
11476,0.19031112
9787,0.114986405
14378,0.21933955
2635,0.038527384
28905,0.044959944
22834,0.0972794
13202,0.051229768
3085,0.16047364
11359,0.14489871
31153,0.19065025
12175,0.18775618
14000,0.03427976
29558,0.07521727
984,0.07432763
29474,0.08590654
17933,0.11329328
21779,0.22976561
23196,0.22323802
22678,0.32588977
9178,0.044673424
25331,0.09176873
25013,0.03323646
30555,0.21881437
19505,0.035656802
31772,0.06207173
23619,0.06932932
6086,0.18932892
23321,0.42941517
29831,0.07167793
29452,0.044877786
2673,0.067396455
3730,0.06014498
13280,0.3350327
23413,0.31456143
1736,0.44102222
23060,0.04980914
12209,0.19593245
9076,0.06865774
9966,0.19201921
14181,0.08141824
1548,0.042857584
9095,0.14365582
23105,0.034117393
27072,0.086306185
32951,0.28031996
960,0.038370565
30468,0.06115261
22795,0.04771395
6562,0.12472875
30246,0.16899821
5344,0.054619562
17006,0.08777181
823,0.36895445
23162,0.26562265
8494,0.08377973
26512,0.49895778
22479,0.215886
2472,0.025231633
29408,0.102830045
27410,0.044720892
28961,0.06595325
28086,0.3041641
23389,0.18451646
13151,0.15345703
13108,0.08315822
17106,0.07395314
1554,0.06653844
30672,0.05201098
29595,0.10396236
8600,0.082726255
23820,0.06753753
1314,0.31064972
23999,0.10156579
3875,0.10030274
32733,0.29484195
1560,0.014989206
17978,0.08247267
14354,0.08568068
1737,0.02461042
28581,0.026409766
29564,0.11621957
20585,0.1501342
24830,0.04731208
24005,0.474466
32125,0.07089503
11630,0.07432262
33074,0.29828867
788,0.04805962
20561,0.04568115
15640,0.17155316
32318,0.02330419
123,0.075567566
11741,0.31323108
7142,0.07724706
16560,0.3988722
29358,0.059804842
19820,0.08766193
27444,0.13498817
27106,0.13342933
8779,0.08543687
18633,0.07787202
25037,0.21669841
5188,0.16865864
1869,0.15574127
21069,0.23293644
4782,0.13067262
3311,0.05022488
8707,0.058681253
1111,0.10175219
967,0.052624945
32394,0.037915893
21806,0.15787926
13622,0.042402696
31656,0.04749078
28036,0.0336138
15478,0.03991075
4078,0.015263751
13341,0.4122448
23846,0.14203584
13957,0.24221033
8522,0.07711873
25970,0.07727648
9756,0.0036794231
28001,0.029374631
18246,0.2690896
30865,0.34902862
6876,0.059059557
13706,0.015373388
7630,0.18509336
26848,0.045726344
1397,0.12077078
14301,0.031223178
12633,0.16909863
29897,0.053656865
5704,0.19715366
5874,0.038537487
29277,0.18749999
8469,0.09964517
10340,0.056864824
32322,0.5430231
21219,0.07742297
7906,0.094345465
15240,0.16895993
2360,0.16790146
15455,0.2858541
25964,0.08965899
14452,0.10842964
5527,0.15474354
7730,0.2220807
32172,0.15685414
11705,0.06302209
12896,0.10253649
24116,0.019662704
12316,0.08389017
23446,0.061587963
13859,0.095149934
7908,0.082505345
22779,0.028755507
11024,0.17694934
10424,0.12169643
15177,0.17572106
5163,0.15032208
385,0.07098499
24316,0.047698267
19947,0.019202577
7129,0.2502618
23933,0.1232268
13239,0.048689857
9368,0.058439873
29248,0.28824103
21558,0.038752623
8466,0.07989179
5282,0.24096188
28721,0.060576398
17546,0.16749902
5167,0.22430173
19755,0.08284476
18313,0.077266745
16357,0.07734563
8843,0.07426644
4486,0.18215911
21712,0.06778102
31128,0.2470142
9429,0.06978185
16153,0.09614534
11106,0.08377515
937,0.07291489
8943,0.35057098
32421,0.080564156
24471,0.053028047
15497,0.121863425
27561,0.060493853
32628,0.14831705
24259,0.4119524
25039,0.14392164
2503,0.212241
31570,0.1631216
28996,0.14074449
23878,0.12783544
5182,0.10848973
24391,0.08269011
13522,0.123087905
31534,0.19294631
33157,0.4902484
30611,0.114017464
11388,0.19798553
18888,0.085538015
19081,0.029773412
18330,0.40949538
10755,0.12727197
32034,0.038751964
13822,0.05607119
3240,0.056910206
16921,0.1860055
14424,0.19493994
18175,0.024169242
11135,0.121442266
13887,0.12264506
9955,0.1539676
3434,0.059641715
4882,0.07437757
20451,0.036888495
24853,0.29152045
14443,0.08458848
6067,0.14150561
32160,0.063176006
32938,0.08086727
28238,0.13733146
14921,0.06536995
23423,0.053318884
29552,0.17299782
9791,0.060134467
6227,0.14396709
14316,0.1627544
6328,0.09880956
5402,0.09727423
21082,0.06555024
12221,0.215151
1185,0.04137671
32389,0.05281605
8298,0.15846214
26046,0.092102595
13813,0.13611306
27639,0.0975086
9251,0.10098552
4226,0.0780596
21713,0.074465126
19342,0.02841736
14426,0.14848441
30833,0.056401744
7776,0.1745797
2732,0.10156349
30174,0.11199646
7393,0.105789244
32597,0.15450002
24804,0.18610187
9696,0.23963054
9091,0.23720257
8423,0.02972473
6713,0.16652067
33103,0.17966636
4125,0.08185485
15371,0.14946662
29381,0.13189851
27134,0.20661086
26385,0.13138007
20032,0.088721745
11743,0.21495476
4945,0.013907184
32499,0.021313058
6809,0.14910468
3954,0.100680344
9621,0.06145995
11524,0.11724296
29228,0.13195081
18422,0.2774451
20781,0.085685775
1574,0.10488431
32687,0.25048015
12174,0.10702303
11544,0.038312636
14936,0.09103101
3421,0.16851717
3400,0.049619306
4428,0.11746188
17207,0.3298534
4228,0.05729306
3165,0.022866879
6921,0.12203236
20860,0.0712586
4519,0.045414887
24712,0.13715154
30310,0.017547125
27905,0.13276884
13468,0.0369646
7530,0.06191425
12819,0.3592186
30563,0.0320523
14497,0.36521134
10701,0.053845443
16213,0.046368096
15407,0.20825376
6830,0.026202723
23305,0.07293702
6462,0.36860076
21705,0.04506789
15187,0.113894366
27736,0.044354107
12712,0.012488853
20505,0.02980896
12635,0.0844224
26148,0.3457379
12748,0.06114741
4089,0.10077425
8381,0.3093694
33267,0.10601135
29485,0.20014186
24055,0.16113287
23899,0.06865105
13599,0.15591034
30580,0.12653603
1727,0.12709326
23033,0.015848143
32782,0.2438917
32153,0.06687873
19766,0.056689117
661,0.09634196
32994,0.02085329
24249,0.013490881
7954,0.05803158
24784,0.11731907
27181,0.22395301
11405,0.031617783
17746,0.1460754
9601,0.026832078
1213,0.14694898
3009,0.048715834
24283,0.06673065
24130,0.2739748
2216,0.061053354
4477,0.24600525
3906,0.0566483
5184,0.1125041
8523,0.062373493
8145,0.032422237
24036,0.49138764
2924,0.011133215
16142,0.10685766
415,0.07609855
1454,0.08630192
26492,0.0426369
21457,0.110847935
4732,0.02286281
17140,0.07786117
20107,0.09269161
26049,0.47885817
32955,0.11800022
29203,0.11624158
30931,0.21118169
2000,0.114390664
26034,0.124284156
26279,0.039887346
1076,0.028297482
19873,0.29437882
24164,0.18765356
2431,0.04745188
16428,0.14805041
5386,0.121309385
32563,0.03243371
19761,0.054707937
6124,0.29123566
10468,0.27054468
3734,0.021584451
10110,0.17342092
10358,0.08137323
5818,0.08955381
4439,0.051191356
10909,0.05100445
28535,0.07462668
16682,0.36152858
3186,0.05059826
10412,0.082401685
5970,0.0889897
21362,0.10062765
2618,0.11417494
917,0.053062767
9212,0.24679397
8322,0.057312883
31376,0.117756665
30364,0.32082573
31003,0.19814765
6998,0.016210977
8674,0.12220738
25427,0.035223253
18247,0.072852865
5658,0.101339675
19034,0.113551795
3226,0.09998809
271,0.035613216
27268,0.07667786
6467,0.07778274
12252,0.10308111
10624,0.17337279
13956,0.09306525
31369,0.038635205
1354,0.12940617
32449,0.25363088
11760,0.018734049
19643,0.12550652
29825,0.3020015
17100,0.036213588
22068,0.24224737
4555,0.02925879
32690,0.11410439
8072,0.024227075
8234,0.031469535
14183,0.2720631
2850,0.017117996
20084,0.10854278
24934,0.13944364
28883,0.3800483
4371,0.12807742
10199,0.069855146
31343,0.046543922
4918,0.34541222
24341,0.06951113
29643,0.057959877
18381,0.032889627
5974,0.068675995
19633,0.13437186
12825,0.07049248
5836,0.28516632
24966,0.09463696
7279,0.15716335
31328,0.2041613
1618,0.14064495
32104,0.029710183
7555,0.0799369
8432,0.026355004
23874,0.086853065
29299,0.05877249
16093,0.021117866
19661,0.027849613
19310,0.14485748
29612,0.42859465
32936,0.04936247
30387,0.044317227
26486,0.085227974
10638,0.24636535
7095,0.09162454
33120,0.10742524
17439,0.16244154
17651,0.27906334
28380,0.0426988
31955,0.056564137
6913,0.1591465
29530,0.06941609
17137,0.13298623
4987,0.069236666
533,0.009247737
20934,0.33861074
26638,0.08925441
2198,0.15355277
796,0.12362871
27799,0.09020324
11631,0.0944435
447,0.3071811
2060,0.027304595
18956,0.052100573
17495,0.08280491
342,0.20964085
20904,0.054433763
992,0.07051458
12643,0.09491881
17719,0.06727228
34,0.06494712
5566,0.060593437
4616,0.042247135
13569,0.21456914
7568,0.20836312
29996,0.07813736
32056,0.08083667
14135,0.27571326
9533,0.021894574
16641,0.11546836
28571,0.10644271
1423,0.056701172
13414,0.22060509
151,0.17525138
13732,0.080301814
6749,0.12841517
12351,0.14679854
2929,0.26400667
20125,0.049372703
7267,0.02372381
22606,0.0397836
32341,0.3725443
20689,0.07983626
24709,0.08581365
9778,0.106812134
23758,0.13014324
28171,0.05350914
14962,0.1985396
8407,0.37137467
25479,0.0644209
32282,0.0457489
15085,0.031366337
27538,0.06262786
561,0.015295419
9682,0.128138
14715,0.091560386
30038,0.0055841603
14115,0.14091595
21443,0.34953332
9654,0.08326309
31409,0.09909286
26501,0.1739874
31197,0.16441114
8419,0.070043154
21011,0.061822157
24888,0.07539404
29404,0.07046581
22241,0.17242941
22580,0.07625981
29400,0.03774229
25246,0.03788007
17833,0.18897074
29567,0.09344725
10305,0.3081075
16409,0.21376625
31391,0.3134959
10759,0.032500047
14333,0.21381663
20123,0.13428898
6644,0.08749188
23963,0.30517182
25098,0.08629602
5641,0.10089947
31546,0.07912221
1166,0.07664188
7939,0.23220491
31518,0.096500695
12908,0.111487515
30464,0.04056807
32786,0.0557757
21683,0.020671198
19462,0.11743209
30168,0.010457973
30035,0.02757509
19850,0.041189287
30981,0.06281771
1467,0.09201553
28440,0.018190162
9104,0.08526382
7674,0.102656126
23620,0.11801638
24003,0.12681687
15130,0.06681081
10709,0.23160906
14896,0.037490107
31715,0.17017342
15227,0.13514477
30505,0.19068924
21622,0.20689599
12399,0.06488576
14,0.07547423
4203,0.09984257
16527,0.27297977
22986,0.02573962
20792,0.03182274
24384,0.06949748
30853,0.106829055
27734,0.2608009
8679,0.13452318
8351,0.075131476
31853,0.10920781
29446,0.09589088
29162,0.0921414
14410,0.09204961
14120,0.05803794
10041,0.5301332
100,0.07094659
6085,0.11657966
4086,0.04236192
32767,0.056288134
1578,0.047790654
27840,0.057026815
25063,0.090948775
17364,0.31853035
652,0.10817042
5392,0.049681842
17230,0.054113436
11046,0.07487451
19303,0.15074916
20104,0.12835921
18701,0.08288996
22885,0.053594224
27564,0.048798017
4240,0.06325788
31298,0.06779943
29182,0.11663857
19518,0.04143638
14703,0.20630442
11567,0.10999467
20760,0.09705424
29757,0.016361749
12649,0.18583025
30864,0.044359647
14224,0.14818095
13939,0.0363242
30824,0.047112565
2231,0.01997959
7938,0.18890718
2925,0.1385369
23493,0.12308423
18767,0.042861447
23530,0.12033554
18856,0.08703463
18114,0.08534487
6490,0.66958606
29873,0.06782209
7501,0.29125577
27974,0.119738564
12056,0.01323283
15633,0.029197318
27430,0.072742306
10255,0.067820944
14003,0.14324756
19166,0.17515619
18165,0.01479852
25254,0.48313904
22817,0.04565966
12251,0.27338615
28820,0.45137978
29527,0.11438338
2496,0.11267097
632,0.033690557
32478,0.10673026
27405,0.04654604
31122,0.10867975
10360,0.074960835
8212,0.084048025
11013,0.0973619
28088,0.051773857
23762,0.26369172
14038,0.3164558
7438,0.07312963
19955,0.023877362
14427,0.15051596
7230,0.105350696
12445,0.11317975
19524,0.2065024
3973,0.17754579
19585,0.04779275
26340,0.09778348
5849,0.30322883
15677,0.029035334
24579,0.10221851
19876,0.08913827
6794,0.077697866
13358,0.031431105
27305,0.07882325
28192,0.086376145
29977,0.26036927
21531,0.26286012
14064,0.020232385
14403,0.13634638
20199,0.03630712
12553,0.25610337
32819,0.20770617
1848,0.25648817
4160,0.05593074
31514,0.06649797
25650,0.1511354
3392,0.06889788
20944,0.17828423
17335,0.028097263
28450,0.18177475
22297,0.072525814
10667,0.031127555
12359,0.06301433
30009,0.07815652
13224,0.100576736
932,0.0923972
20852,0.06941729
15981,0.22572388
18854,0.15009438
18846,0.028488262
8586,0.09909761
862,0.25300613
28773,0.07525461
27076,0.047139063
15877,0.3147137
11869,0.118298754
28366,0.081301644
17111,0.06348704
2782,0.07396519
19746,0.095163755
66,0.11481377
33029,0.030238887
27951,0.0821173
30863,0.18961145
27598,0.08614586
33284,0.24270183
24505,0.105605125
6545,0.22519554
30966,0.018979812
29511,0.10669732
10155,0.06711002
26249,0.0895896
29690,0.031410888
1651,0.052231506
27145,0.20292862
6271,0.08030033
12570,0.10792537
10185,0.08600158
1130,0.16892911
24757,0.04647617
12632,0.013927601
20362,0.11864667
8061,0.08773028
19723,0.07980087
16725,0.2595785
16071,0.11059323
4075,0.1617734
26823,0.19783667
28271,0.09697982
30805,0.16600996
194,0.15869041
1876,0.099632084
12891,0.11888305
24044,0.14227803
23148,0.13057947
1785,0.14137705
10889,0.08991573
29584,0.047297467
7359,0.15613814
30977,0.06947052
8742,0.11840875
15293,0.15335809
28551,0.174573
30458,0.35765567
29513,0.05771219
32270,0.13463959
21951,0.10327572
7620,0.18241021
30577,0.30440027
30344,0.089787476
7607,0.17107067
32551,0.03935849
26661,0.39624912
26181,0.081924036
30633,0.12153787
10410,0.09919946
18945,0.054988377
27413,0.05555015
5428,0.09746784
8879,0.0710418
24230,0.6826921
13300,0.17517664
2946,0.41601074
26157,0.09680135
16771,0.22681391
15671,0.39083132
32679,0.25829908
20184,0.06558021
3059,0.038301732
21978,0.0831099
3866,0.054529812
19152,0.11512164
6985,0.10640729
30571,0.10018795
23168,0.2933975
23292,0.10495919
25168,0.045175612
338,0.12784113
11307,0.1279391
187,0.10056103
2233,0.45487463
10576,0.12984766
30929,0.20110042
21698,0.12999146
3897,0.06101307
11311,0.10971025
32017,0.03209645
13644,0.031614605
16875,0.04162719
23962,0.052839383
5132,0.2136055
12552,0.032295045
31940,0.18925594
254,0.14449176
7426,0.10813937
1040,0.15160313
5994,0.24721895
5715,0.07199152
31254,0.030164998
2995,0.08502046
21844,0.034719553
25609,0.055497155
20245,0.09997286
16864,0.23208278
22731,0.06472842
16299,0.12704699
3677,0.10774993
3001,0.08295269
9006,0.20389785
29092,0.016052727
10680,0.08985985
17075,0.06369093
7411,0.021784043
27864,0.08313428
23614,0.051966242
19614,0.2030882
21745,0.24971426
15525,0.113731265
7644,0.12371415
30629,0.052151848
24093,0.06913777
28323,0.33785352
15685,0.061378337
20893,0.14437181
28529,0.07691069
31892,0.06676665
23870,0.21351652
22780,0.017983615
10830,0.4327422
16541,0.18379582
31025,0.0738981
5739,0.09125105
25258,0.06350547
31961,0.093142055
11616,0.40787038
16714,0.1058746
13789,0.017995043
4573,0.07720032
9688,0.1017
28862,0.19692624
31746,0.3664063
26759,0.14418688
28094,0.15205619
27158,0.16508198
27685,0.11660245
19573,0.39993164
10750,0.16191082
12883,0.26395947
20200,0.063721806
9590,0.19230314
24171,0.0696034
6442,0.14872096
25881,0.08387514
32642,0.01567755
2556,0.23476364
11232,0.06837689
17688,0.09987536
19230,0.14424482
9321,0.060735863
9116,0.062000178
32640,0.32163373
16927,0.08014294
4250,0.13702966
24098,0.25958014
14783,0.032502692
3372,0.06400489
20053,0.17498852
10518,0.18630882
28122,0.31447974
23438,0.09018171
3427,0.07440043
22157,0.41577137
24080,0.04191864
15859,0.28866443
2062,0.056977898
15330,0.1882197
21565,0.13946742
4774,0.07068612
9492,0.12777722
25278,0.13947691
17523,0.042896427
9588,0.07640942
20923,0.045345634
21545,0.21191446
14945,0.2231061
31259,0.09453164
33135,0.09429508
2112,0.06156223
26396,0.45238736
29889,0.20092647
31452,0.04840643
30099,0.08932411
32130,0.05045563
13132,0.2639703
17701,0.17426421
30313,0.19081926
26154,0.32505363
14365,0.07588633
24398,0.14131944
6054,0.03078983
14899,0.21533537
6735,0.02474421
18345,0.2660999
28637,0.14581136
23343,0.29258305
8589,0.018889619
499,0.19048695
5831,0.18961753
4116,0.0707591
969,0.10896931
4249,0.065690815
17397,0.118729986
18717,0.085073024
11629,0.07955364
11093,0.1287576
24014,0.1923669
30040,0.16241236
22213,0.14689313
20821,0.06377898
20812,0.03999912
5069,0.0357292
26937,0.1899859
25555,0.1048999
4230,0.2666219
32019,0.48212397
21949,0.15906805
26511,0.018052567
32052,0.051106114
16075,0.16450983
9701,0.12656584
23506,0.3354392
14446,0.19742104
6746,0.13214432
28831,0.22243145
28233,0.0596215
30671,0.049984954
5302,0.2172738
20550,0.08330474
9230,0.10986497
1096,0.11753257
1978,0.050402235
8318,0.061463118
20056,0.06044693
7679,0.34980035
14991,0.1850069
21516,0.10271818
11677,0.046200246
4201,0.18258418
19263,0.1412249
32682,0.17159298
29925,0.38637155
16295,0.19732371
30735,0.14914544
7052,0.0628892
13477,0.4313176
33001,0.10338912
3939,0.018746382
12379,0.12129179
21028,0.070139006
7478,0.07648825
19402,0.15235215
25109,0.08229492
19278,0.035858534
30317,0.06268238
27536,0.03393914
30389,0.08469214
27045,0.13550314
22819,0.08539056
552,0.08590275
28504,0.054378532
23204,0.08647049
10372,0.12584694
9566,0.08683123
28161,0.08828129
15638,0.04736158
18449,0.098595515
30604,0.15576817
25844,0.08374902
131,0.21411666
27686,0.06263297
8178,0.03409752
21402,0.2054041
28179,0.02678198
29944,0.19934054
24016,0.17562017
25144,0.04662284
4453,0.09580791
31702,0.016448561
26778,0.27069408
11475,0.057290662
15460,0.07002499
2409,0.025756776
18813,0.22924083
14025,0.058577217
5912,0.3142066
10159,0.08795893
24793,0.16612373
13509,0.054788813
9747,0.1378149
25196,0.082040295
19172,0.070666134
1266,0.07264024
804,0.19990009
32286,0.043529678
11693,0.11582582
29008,0.39105114
29098,0.27789
21532,0.011650221
12285,0.10292702
24565,0.0647619
11511,0.03111808
28337,0.04275224
5144,0.079466745
13736,0.10072523
21031,0.2589948
18731,0.10388964
7331,0.2217488
26664,0.016443193
13771,0.12873457
11691,0.048835058
19167,0.013926448
3642,0.12544812
23752,0.087530814
1146,0.08572503
22181,0.03306122
8949,0.17754579
8046,0.34277922
6597,0.07680405
23589,0.070745245
12375,0.4417542
17367,0.16184294
12336,0.073019125
1371,0.013481149
2912,0.06349258
13781,0.04567079
15055,0.09293115
20446,0.08199717
20885,0.17039853
20132,0.09792931
29183,0.058430098
26243,0.05662506
30574,0.061162684
11977,0.017441602
29835,0.21572147
20662,0.029813562
16585,0.0056506335
1581,0.3184734
4853,0.61570275
24211,0.076594196
25177,0.05349126
31242,0.24063027
12878,0.067456484
12565,0.1291283
17190,0.4650354
31250,0.038936324
4514,0.1334503
164,0.21326244
16373,0.02427904
33179,0.0541264
20521,0.26935413
10762,0.058772728
18227,0.32810816
7500,0.078795336
2025,0.16806047
23170,0.14144598
13542,0.19379868
8833,0.32824755
7091,0.08235873
32162,0.05268522
11639,0.10590309
3032,0.0534312
15317,0.057117466
9928,0.15108496
724,0.104661494
23796,0.09070363
5938,0.062119234
5424,0.06748611
32200,0.056132134
18181,0.014407259
13623,0.14778988
26861,0.14415923
4241,0.21030952
29937,0.06854188
6698,0.15095872
30521,0.10900788
14568,0.40525106
10993,0.04850135
10625,0.022060983
12060,0.31164962
11225,0.054952804
29573,0.19922417
18296,0.027405096
15096,0.18072917
14274,0.030122641
5534,0.24769935
31611,0.17056185
11640,0.2598529
16507,0.031014297
921,0.039281745
31190,0.030464843
29127,0.06682038
22504,0.11214398
2964,0.022059163
23494,0.027072331
1052,0.14169034
8643,0.05942164
9121,0.038032826
7888,0.16937025
6878,0.019149868
20275,0.032352675
31318,0.13368905
6673,0.03909982
14170,0.03782716
1203,0.07622444
6674,0.08962494
25318,0.03326835
22039,0.0447875
6224,0.07615698
24180,0.1727823
21518,0.08932417
6720,0.4140293
9608,0.014652464
7317,0.25409156
18697,0.056509454
25203,0.19621788
18868,0.06338511
3964,0.05438882
7654,0.12241133
812,0.37283075
12016,0.25685316
20527,0.20292474
19587,0.33287704
14527,0.51944077
7020,0.13448846
16415,0.14989777
14555,0.054895673
5867,0.2510224
31807,0.04651277
9358,0.12768441
4676,0.17628387
17483,0.117540084
10584,0.25606194
9702,0.042642917
14941,0.25979266
6585,0.10702515
31622,0.21720004
29902,0.072397664
17592,0.080020234
4350,0.095620364
29147,0.19648796
18415,0.113799386
21619,0.046238992
13328,0.33868667
3070,0.2305044
3091,0.08344586
21447,0.2918885
10301,0.020781767
21482,0.23442392
11583,0.042053685
11263,0.07460463
5342,0.10312556
17115,0.24809928
26984,0.1532699
8058,0.056667924
2695,0.023026535
30169,0.06973584
16718,0.031001488
17285,0.03145513
15631,0.065988265
12087,0.20177104
28509,0.2563548
21735,0.053313516
9792,0.16626489
1984,0.121836916
8921,0.08641109
9551,0.08959977
18748,0.1061597
21530,0.21662422
479,0.08395005
5738,0.02035324
28927,0.04737433
5093,0.098318286
27581,0.04251145
23740,0.144951
27976,0.054535437
28316,0.030185936
15427,0.030859632
28794,0.07413517
11981,0.15730035
19909,0.49275732
30698,0.29805705
31962,0.2002701
24094,0.049149293
2393,0.064054385
14751,0.04391806
4818,0.14306033
8325,0.044599995
9495,0.10228584
24523,0.46463287
29906,0.15954335
3018,0.036731772
18379,0.018631337
28534,0.028555188
11503,0.038459685
22776,0.033426702
16472,0.15071788
2124,0.097663045
21703,0.052968834
5295,0.08282294
24221,0.43940285
21772,0.11212039
26450,0.032419614
13917,0.03931653
21700,0.11336518
803,0.16039969
9866,0.074589476
14880,0.101518914
27525,0.06599979
10814,0.14902541
30801,0.039733294
3349,0.081824765
14467,0.38195616
22983,0.15035063
23826,0.10626644
8020,0.01984964
20746,0.078347996
32451,0.056948822
7624,0.17770447
15532,0.021048613
3419,0.32669356
32441,0.029292408
14373,0.11368054
27308,0.10458772
16017,0.13663536
30224,0.13320921
24933,0.22136797
9383,0.1339809
20118,0.100923076
28848,0.054889876
12568,0.15973069
2082,0.058710758
18730,0.09526368
32267,0.0660259
12214,0.041032664
15230,0.10815607
19346,0.30029944
32558,0.072318636
4187,0.07560217
6811,0.08315333
24939,0.16474429
24261,0.24242206
20863,0.15341197
21946,0.20757297
29193,0.08932411
26997,0.12637135
2897,0.021213781
12834,0.16156705
1439,0.14483829
24866,0.39744902
29049,0.10071981
2258,0.050598275
12886,0.054158207
26897,0.060260605
11942,0.042577315
25231,0.18040468
33011,0.15090741
22624,0.092345394
6815,0.3867292
2160,0.1381225
3039,0.033506036
5309,0.2481179
5089,0.012821341
22341,0.044605307
8622,0.015549814
12999,0.15510777
21091,0.24399248
15083,0.17868909
842,0.38858175
17293,0.088721745
22428,0.10512083
26458,0.08284035
29491,0.042073824
16181,0.028687472
20073,0.12603642
21522,0.13720514
30255,0.047006994
19885,0.3452833
14351,0.17754579
9941,0.20930988
8309,0.06091194
30759,0.047142424
16171,0.09447652
23613,0.09642134
3435,0.07664711
7911,0.08246278
18509,0.076484054
4370,0.09270392
26294,0.3776096
15639,0.094836175
17917,0.061900083
15429,0.46622893
13460,0.36412233
15232,0.059279073
2285,0.24270497
20170,0.07803638
15486,0.025708541
31799,0.067951895
1969,0.08623702
4563,0.10689393
13741,0.083625704
17130,0.20081744
1898,0.13620205
27777,0.25183007
8535,0.09098258
18550,0.048116084
8762,0.06893692
31721,0.08925219
19286,0.055175208
19188,0.11228939
32645,0.12057984
9057,0.05987683
15944,0.085351914
14678,0.0799623
28288,0.24445568
27627,0.1286884
27807,0.28053254
11377,0.047195744
4821,0.0935823
14343,0.038560692
26611,0.306962
3156,0.07235808
18733,0.07591384
10572,0.26374716
15647,0.35219446
26301,0.11078425
15936,0.04937708
2498,0.059195016
27156,0.051796075
32308,0.15176462
167,0.16072094
22135,0.06922595
23566,0.099767655
205,0.081301145
4670,0.07025328
17218,0.05926829
13717,0.056942753
29570,0.05883915
15689,0.15780011
24711,0.06964028
5304,0.29248595
3030,0.036193613
2709,0.06679382
24453,0.03979453
27569,0.18698566
20436,0.081306204
29807,0.064274885
8132,0.066333875
1798,0.12803923
7779,0.12090641
18481,0.1901844
33195,0.16154233
9958,0.18987925
30197,0.05320945
12737,0.19883177
21710,0.012813401
26612,0.059287645
4091,0.46551237
31677,0.02088684
27120,0.15041706
10905,0.034768566
4177,0.06246463
21747,0.11513796
29520,0.09431478
6197,0.257916
10483,0.089478895
3302,0.15882534
19272,0.079002686
14080,0.042910546
18593,0.031904023
20098,0.1093279
19118,0.01920599
11979,0.07817752
8039,0.17622398
30133,0.3495391
17634,0.048844706
19154,0.10016794
9750,0.23132324
8875,0.11126157
32843,0.034237646
1349,0.04589747
20242,0.17826638
3374,0.15085176
8455,0.22331664
24145,0.026343089
19344,0.13136168
17796,0.013864012
24594,0.09047366
11936,0.3920844
17043,0.36597762
32258,0.040342726
18515,0.05109076
4265,0.13508958
12610,0.12026423
25345,0.17862116
14350,0.28477135
19753,0.07173012
15123,0.087921545
10259,0.027555395
23641,0.1655007
20266,0.041588746
602,0.07137943
30625,0.22279266
21191,0.18077369
1934,0.49944153
13538,0.12178545
27185,0.36363024
7252,0.11650108
5570,0.2790201
2534,0.041172255
25056,0.05679434
23951,0.1577402
31469,0.02451414
23159,0.29341418
5012,0.09994776
5988,0.0431054
20306,0.15257955
29356,0.06570094
23635,0.17575544
32013,0.040444568
13975,0.042493924
13027,0.1370795
30507,0.121774
32491,0.10643956
4059,0.027151713
8342,0.12075883
28951,0.06403399
7989,0.20744365
18909,0.09585757
30769,0.08292292
19795,0.081225194
27692,0.09935222
25362,0.0064487015
21746,0.051100135
5410,0.25783324
19072,0.024327796
6880,0.060770936
6555,0.04483003
12137,0.032059368
21503,0.047624305
13872,0.058886785
24284,0.2918885
27857,0.12386533
21494,0.1306872
24133,0.019530682
31861,0.22010444
2835,0.03303151
28818,0.16906726
32314,0.041831058
3005,0.32100716
10686,0.17446443
6418,0.087981835
25322,0.033112653
14574,0.3279694
15982,0.35432956
11509,0.33447674
7960,0.095179155
23326,0.09374727
15500,0.04663821
9764,0.061092205
3265,0.18059194
3564,0.08489325
26936,0.053718846
12914,0.062407162
4386,0.24107869
11955,0.11042995
19149,0.060828146
24769,0.047734063
24708,0.31040868
5941,0.39972425
27563,0.1399545
30877,0.049772106
17757,0.23979773
8536,0.33527052
8889,0.14127626
11346,0.14163749
8332,0.11397713
14874,0.0754555
13279,0.06995936
7605,0.06486259
31669,0.0657202
1081,0.12245087
9500,0.02056565
26073,0.019076835
24163,0.058956128
17275,0.14887199
27967,0.05580629
4005,0.08533959
30609,0.27680838
9838,0.07226682
24026,0.079491965
3962,0.08367905
11672,0.26047778
7998,0.06981462
15826,0.08798388
7532,0.060692355
21932,0.026035396
2652,0.09009782
9431,0.121029906
6575,0.145374
20834,0.035792083
5629,0.13740993
10626,0.13765895
26393,0.13372764
7109,0.26416397
5556,0.09871154
31604,0.10494356
1211,0.06101452
4058,0.2510098
6369,0.0955677
29030,0.027191542
31493,0.055192336
13818,0.14200228
27523,0.16141635
24400,0.080429636
25351,0.0477517
25317,0.18850635
20546,0.016124941
31556,0.037158802
2242,0.1453758
27805,0.08561972
22423,0.07516364
31525,0.032806274
1880,0.11383428
15324,0.097079135
2262,0.07526187
29071,0.14684317
10276,0.03616604
10480,0.52619755
14085,0.115827724
24324,0.08522224
27645,0.17710316
15713,0.10974483
26591,0.39426827
15816,0.095936574
30899,0.122424215
24462,0.14151576
22765,0.023617992
6412,0.041930035
14233,0.21679877
26197,0.046985734
3679,0.10167879
23225,0.17001607
10128,0.084282234
28493,0.06983045
9181,0.1925131
16281,0.20178187
14169,0.07417473
26746,0.072767965
24032,0.23381169
1330,0.17719132
14660,0.088246405
27330,0.2838944
18297,0.23956555
16072,0.1166546
2098,0.11008048
6727,0.047301784
23313,0.10967672
7912,0.09818487
2073,0.014503198
24591,0.21636479
21898,0.070750244
6956,0.13038047
18059,0.14140508
808,0.07735646
22308,0.08081775
9575,0.12614301
15190,0.16897202
18742,0.30867967
7834,0.038833346
21275,0.20454988
22629,0.035799265
29421,0.12621054
13904,0.082946405
695,0.10410218
11787,0.09175388
27327,0.0046859193
13716,0.045913853
27789,0.40983862
31609,0.08946829
29324,0.11185386
26158,0.025492575
6618,0.20346268
20529,0.1135861
2752,0.30241987
24813,0.12419535
28360,0.037325002
23310,0.2162854
20462,0.16072553
5259,0.4870548
10903,0.05665676
33293,0.3770194
15278,0.17632526
22642,0.02514154
16165,0.04311504
4923,0.19444951
19829,0.062543064
19768,0.27632195
16759,0.09676677
25325,0.03406432
33235,0.13048744
13901,0.03319171
3493,0.058173366
8795,0.18826818
10206,0.081619404
26415,0.24687046
13244,0.16335876
29545,0.14733054
1492,0.14627643
10957,0.077192746
5466,0.03903731
17791,0.103630215
19745,0.024377171
6469,0.11927416
22057,0.17757992
6256,0.17205438
11681,0.05338745
28249,0.10300033
26690,0.04977761
18429,0.035862274
20677,0.0808647
93,0.021810919
22555,0.014539739
9915,0.019190725
13213,0.05349081
8750,0.042766925
23927,0.018163044
20391,0.15136445
16589,0.013291037
12218,0.07232771
28825,0.2270472
13959,0.07598756
6574,0.05393114
32245,0.07264946
27300,0.050645713
28541,0.11011105
32941,0.119548045
13235,0.035172433
994,0.04116882
10456,0.05103303
8825,0.058465157
31932,0.12996604
13320,0.0873594
28393,0.2737078
4674,0.18000306
24456,0.0715944
19338,0.18829198
14661,0.24382319
26879,0.18438557
11719,0.061674282
2212,0.07370652
3592,0.08841065
6093,0.088601284
16708,0.12635097
30918,0.1399014
11773,0.106324665
21865,0.041251134
28130,0.08788236
29012,0.27359414
26589,0.032570574
21669,0.048786413
30240,0.10297676
16704,0.15815859
24018,0.20073098
31550,0.07358214
13834,0.076004975
21850,0.11230403
4463,0.09794051
22237,0.07183829
18546,0.24202439
13155,0.07333252
5463,0.16233505
23333,0.38305578
8563,0.036824655
15569,0.09024638
32944,0.036618058
13062,0.16611159
10304,0.10770586
18300,0.08866339
17619,0.03508694
26374,0.07438968
2557,0.014624099
26613,0.3003368
11150,0.1728111
25506,0.033287127
8028,0.094241485
17008,0.12350401
20573,0.034972776
26809,0.16971192
5944,0.09248597
31202,0.05574051
14934,0.040333644
18790,0.042014163
28570,0.34148183
7564,0.08378758
31423,0.26138946
318,0.026749013
25747,0.0825021
3341,0.09211021
11658,0.098768175
21838,0.3199727
17141,0.19837356
27024,0.1845561
17968,0.089392014
9570,0.039393347
12194,0.21997358
31253,0.03941126
19675,0.23979773
181,0.30253053
23751,0.092198715
1997,0.39561108
31233,0.07016311
23082,0.17560112
32847,0.065189935
6776,0.12338999
23164,0.09439727
6999,0.191787
8644,0.022231663
25905,0.04350963
6250,0.06527161
26310,0.3854176
11384,0.07358153
13924,0.17268826
31223,0.30378476
27274,0.15404831
32975,0.053554777
13172,0.28121626
26378,0.019159159
19649,0.36730313
8164,0.13355602
10896,0.14570807
2921,0.07769892
26804,0.22014827
27233,0.66086257
16132,0.027374808
9494,0.04144251
18959,0.090594746
6691,0.28913608
2401,0.17132777
9711,0.18919538
19652,0.08881117
11254,0.35712275
14232,0.28213602
13880,0.1845504
13996,0.08173343
1702,0.016402941
29378,0.03549823
20628,0.07967712
27868,0.2835888
26376,0.0686786
5228,0.07631575
10166,0.06307298
10553,0.15762497
25654,0.050199434
27187,0.04977761
17756,0.20282853
14551,0.061166137
15345,0.02677352
21000,0.05416214
12085,0.22976364
17183,0.06277629
3397,0.25230533
21172,0.07686168
3929,0.02200979
28195,0.03164155
23207,0.07384144
12992,0.1416175
6804,0.077668846
23,0.13634756
11043,0.05039992
7140,0.06097603
29334,0.011451056
31927,0.059576068
11614,0.047524527
7810,0.24656515
2066,0.025055088
9582,0.038001627
1916,0.043762464
30165,0.12763141
30508,0.1756359
20409,0.07841007
8138,0.009621513
24982,0.099638306
16035,0.17636952
13241,0.05210327
27491,0.16437541
19099,0.10174858
23713,0.02801789
26751,0.026880909
21144,0.007354445
32589,0.08268094
15393,0.07968728
3871,0.04710821
4811,0.11696711
20152,0.114686586
6378,0.070306115
31986,0.20653017
18106,0.12184612
18064,0.039844565
26676,0.06460595
7316,0.1626414
10253,0.12929864
2164,0.034438077
17274,0.079539865
18519,0.4291106
20450,0.1190871
29858,0.030264921
2737,0.032345697
5018,0.036864962
19540,0.032228053
18220,0.030836392
5300,0.22377498
27622,0.41578513
32665,0.28165048
542,0.10199095
20295,0.08425701
9714,0.057796314
11617,0.044544343
21797,0.12762521
14042,0.06825599
2091,0.15381613
14636,0.08688419
30124,0.20468406
25027,0.11121681
26513,0.074953936
5781,0.07118102
25094,0.12496974
29686,0.06975572
18256,0.06189456
15137,0.08123731
2862,0.03974759
18915,0.053505845
10298,0.08425982
27154,0.0850007
30584,0.13667202
2165,0.12177552
26842,0.0679872
33067,0.08770027
25833,0.09668185
2478,0.2511677
2293,0.18418835
3558,0.057680625
15948,0.185283
25493,0.28560802
705,0.11408689
16865,0.08355767
21966,0.1738173
9150,0.016944857
29866,0.1491459
17020,0.07153226
2003,0.28192008
13518,0.09769806
21352,0.6047012
17090,0.19236094
28531,0.31015262
12615,0.06830544
32272,0.03116562
1667,0.036384262
4715,0.12930533
8616,0.08719866
27498,0.02828011
15659,0.07582718
8801,0.07792409
21187,0.33197066
18188,0.038643796
2005,0.14555979
256,0.13937683
20244,0.1577402
12282,0.0673842
4534,0.047251377
4105,0.065161854
29978,0.21932937
8209,0.07020709
8292,0.020932546
19435,0.40083888
25081,0.14910138
13606,0.12760605
12333,0.65318924
1692,0.050963648
28759,0.29059482
26327,0.12430304
8155,0.27154067
5622,0.070161164
5631,0.03153418
25082,0.17947741
20945,0.07572858
6666,0.13446866
22189,0.27849227
15623,0.038082838
31582,0.21142167
18850,0.026420379
5927,0.14845115
7328,0.11721702
20580,0.07317783
2723,0.07583485
3882,0.05829447
23831,0.07554988
2064,0.047442008
24833,0.10771214
8803,0.115872204
23651,0.06454745
29129,0.11935344
25571,0.034828145
23670,0.19194464
10207,0.04233041
24429,0.025079358
18688,0.12478987
10234,0.056877688
1532,0.10729474
5909,0.17622155
12404,0.03264838
4783,0.13069771
7856,0.055863958
31922,0.17443614
12346,0.1913735
10251,0.06780586
16552,0.12011418
4363,0.029911831
13827,0.033566203
29928,0.038318478
10402,0.260439
27927,0.15673271
22806,0.037313472
11143,0.08294305
4597,0.033620905
5008,0.09769803
20754,0.04803671
10707,0.24393569
21809,0.044237264
3012,0.0806362
20160,0.10066681
21407,0.07663215
6586,0.08997228
23213,0.13681448
10226,0.08315635
3046,0.11496941
29430,0.061165676
31159,0.084028296
32189,0.23171522
27878,0.02212889
8268,0.085065976
3707,0.20145285
18174,0.037477285
11593,0.05110634
8953,0.056593653
30702,0.104643784
17180,0.058859468
15885,0.13875373
17215,0.1781371
16965,0.035461053
31425,0.08652403
22272,0.13607286
25288,0.2837582
29353,0.074614756
30906,0.024092672
14140,0.16702144
20590,0.24367695
23538,0.05703019
28897,0.078304574
29463,0.1544486
5600,0.39176783
17477,0.18841666
20933,0.009027985
23799,0.08134893
26281,0.24714729
26932,0.030609537
2442,0.035663765
1530,0.12441508
18584,0.56536186
25829,0.06764157
19111,0.074990004
30783,0.13434646
1660,0.103081994
28016,0.02809066
18149,0.04411554
30291,0.37565172
16334,0.30865926
20432,0.019934652
3134,0.0993462
3683,0.045201555
2615,0.1807497
33331,0.29947457
31463,0.4014747
15867,0.042999532
29647,0.048379507
25865,0.16919161
2760,0.5660072
2481,0.09278202
15022,0.06851252
20988,0.30952457
25205,0.045134686
16285,0.06214828
8728,0.107284985
32304,0.040934976
2605,0.04668913
19866,0.08736874
9607,0.13883162
3281,0.033668444
16107,0.14822079
14606,0.028968127
28019,0.116308436
32167,0.17249468
25965,0.09698991
21756,0.06183812
26942,0.060929067
25102,0.36013836
7464,0.11701273
18388,0.26333883
12274,0.10472418
3450,0.01440579
2567,0.039693486
20516,0.12858865
20832,0.09769436
19313,0.07203465
17352,0.011952186
33323,0.0998356
10030,0.07110453
2318,0.25368524
20906,0.08410592
8858,0.054784197
32646,0.16690879
23817,0.05419275
13903,0.079131916
11000,0.044064432
13264,0.20291322
31836,0.09424265
3628,0.089540906
7259,0.038371403
26488,0.2828735
9594,0.2150224
24812,0.077150755
1879,0.056608316
10107,0.037359525
16529,0.59470475
22680,0.12836656
1589,0.06462019
11415,0.21566515
24494,0.16146125
9413,0.032371968
9456,0.15750656
3386,0.12797499
29200,0.03259103
3812,0.025335148
6329,0.19551885
5572,0.103571296
26391,0.14638922
24817,0.10935898
22312,0.06501379
24466,0.12994735
12417,0.029018212
4948,0.12649462
22994,0.117870845
9005,0.14738384
646,0.11008311
13987,0.025573917
28333,0.37729952
21780,0.12759039
22388,0.44211656
31578,0.16806285
15618,0.050071046
27688,0.039880704
6012,0.09935892
13626,0.1482207
19114,0.077406384
5544,0.171067
14923,0.1141968
6268,0.06665456
23215,0.039535075
22199,0.11015197
1408,0.08352814
23768,0.108506836
14247,0.15924415
28945,0.07975469
1416,0.19065678
19843,0.118582964
5262,0.06555658
21004,0.049238384
24867,0.33816358
8768,0.11108168
13570,0.0810657
6312,0.124098636
32096,0.17468849
2093,0.12602915
13714,0.028813489
13256,0.22179852
393,0.15689644
27832,0.1810596
28346,0.088937216
20629,0.09364537
22839,0.18383676
8896,0.17851849
12227,0.10058309
26363,0.11161383
25508,0.071125366
29392,0.10775335
18301,0.0580038
3389,0.0686087
10047,0.0854658
6,0.26270598
9282,0.35234445
25353,0.08381764
8964,0.054422107
18005,0.1647006
10506,0.12005925
9902,0.10944131
1686,0.2418826
8026,0.038283754
19663,0.24432899
8283,0.013606314
15161,0.020548182
9874,0.04699582
6853,0.5344003
13382,0.21842617
29833,0.11460874
28144,0.11893894
30768,0.025808934
23996,0.39397874
1400,0.14546476
22120,0.08280676
17965,0.30467328
16342,0.262675
21122,0.022749057
684,0.098441765
12372,0.042320002
27193,0.14433852
18841,0.035208292
8010,0.15478949
9381,0.05733979
25628,0.07152246
22518,0.11595477
1456,0.15509397
19140,0.19330736
8573,0.05157217
33102,0.18013263
18935,0.05625334
26812,0.09832854
14997,0.06713468
14630,0.0284142
8211,0.16165343
14650,0.026804978
1591,0.059633974
33245,0.14593214
2317,0.052082285
15327,0.10414564
21919,0.04656514
25073,0.07550611
1074,0.070685446
21952,0.047859
3463,0.056886617
28133,0.06894819
6435,0.06447009
19077,0.12570818
18566,0.06651018
12126,0.25348797
31859,0.21808133
25852,0.08869409
21987,0.028849578
13648,0.036497597
20910,0.14993732
30453,0.090392694
183,0.07742827
1420,0.17310797
8916,0.096864834
24508,0.09262588
11199,0.17629537
944,0.32980683
3028,0.083584584
7203,0.12924518
6114,0.016754746
27113,0.13220409
3574,0.018178254
1981,0.22499739
9568,0.069991425
9728,0.37501505
24878,0.019319208
8053,0.06233402
25601,0.14984746
19962,0.12690829
10574,0.030042702
24775,0.14029707
5917,0.088231064
33159,0.3030878
23400,0.07391437
30917,0.15176974
25745,0.021726426
19967,0.04872756
16137,0.14282104
8352,0.051983844
729,0.08311795
2923,0.10452293
13278,0.08569523
9638,0.16160311
24761,0.034453597
10705,0.077714205
29550,0.11078066
9284,0.08643364
32438,0.034915987
3453,0.07860718
28335,0.1874111
27562,0.13306618
30774,0.083274886
9965,0.093041345
6317,0.048506852
22165,0.18319027
20518,0.37664416
6725,0.28626543
22108,0.14803547
11656,0.4238634
9699,0.08172161
2748,0.13397521
13573,0.103037566
1739,0.070384756
12711,0.095194615
13339,0.21650039
25485,0.055879902
23424,0.08090963
6149,0.089724064
29441,0.23019849
2299,0.26834875
31157,0.25636774
26537,0.22443418
12773,0.066433184
2517,0.063818686
8937,0.41288453
5736,0.22694863
3505,0.08185169
28070,0.298674
27716,0.06335054
4134,0.02624997
7446,0.024086861
23203,0.070362166
30619,0.09869112
2683,0.11624676
7176,0.037011106
19405,0.1368289
7269,0.1347845
25840,0.06825061
27641,0.06477043
13908,0.14096487
4015,0.17573538
33008,0.1776825
9444,0.10353635
14841,0.056178574
22602,0.11219428
16385,0.11901101
2055,0.3604335
24369,0.047857914
19969,0.32012448
4620,0.014866121
7240,0.14855762
8645,0.31075448
2380,0.038963426
21510,0.2750363
25176,0.10531021
28309,0.082357004
18700,0.01928637
13852,0.14202332
23354,0.033767536
29314,0.014109732
14781,0.026489018
27455,0.07122253
31624,0.037519976
1391,0.039971106
29395,0.073504835
22066,0.08147328
29766,0.10518195
10689,0.063286215
29663,0.15152217
24187,0.096049234
6118,0.1329384
19094,0.2159439
31596,0.19635004
9315,0.11595324
7012,0.23947012
32186,0.16134495
20907,0.108358264
5672,0.014457286
16871,0.060809083
15323,0.2086179
29645,0.35618836
32493,0.20957981
14818,0.22169231
22298,0.057894543
14569,0.40636116
22841,0.1513556
11703,0.049561948
22584,0.12387123
4913,0.15571399
1577,0.20320582
23286,0.6794876
22442,0.25112903
22393,0.17236532
11471,0.02420222
26443,0.037682287
2613,0.085366264
2716,0.028146382
21134,0.3689178
14596,0.17474039
14152,0.12238271
6609,0.024355285
27625,0.14036858
9674,0.09865934
27590,0.32627362
8004,0.03370735
17301,0.053013936
4630,0.2539802
12203,0.12030895
33088,0.038969927
30894,0.21290374
20791,0.19614245
14870,0.11418833
33329,0.0367222
14786,0.15430865
3524,0.074942075
15590,0.20642228
3371,0.10591805
21818,0.15592591
23575,0.046050437
7553,0.06899633
3743,0.105323106
8189,0.08067467
22183,0.015058689
20071,0.11118981
29189,0.088242225
28736,0.043277916
8337,0.03740845
18183,0.103304096
15298,0.061102666
5539,0.024574367
4231,0.0676084
21303,0.40614158
7398,0.17575788
2416,0.064547926
9029,0.20921564
14561,0.2741037
27065,0.18686877
28280,0.28948972
25698,0.04319617
14210,0.03800287
17001,0.019579172
26771,0.033736058
16620,0.04656352
3526,0.06727932
26756,0.04907031
2335,0.07748841
27445,0.077457204
6494,0.15068595
20711,0.19655193
3192,0.044156276
11721,0.10113558
17423,0.026706101
1952,0.010933243
27861,0.3200216
2122,0.4399454
29108,0.1263953
335,0.102918744
25472,0.05642008
25216,0.21996786
18018,0.36231363
16311,0.036258053
21010,0.108215876
30296,0.04408923
13461,0.0345175
9833,0.050474335
21163,0.061116654
333,0.04076979
3697,0.1466456
982,0.2009602
22208,0.03242867
32329,0.08799377
2781,0.034328945
30186,0.2075277
10246,0.10863031
31750,0.06820832
4894,0.10535616
25966,0.06597053
30351,0.08877997
2614,0.048247676
2694,0.048923656
11129,0.11419896
9690,0.3261632
24194,0.025182998
32496,0.30555734
14177,0.033737216
16902,0.059460964
21632,0.012424224
24821,0.07325481
11447,0.32660928
4973,0.14596197
906,0.013403337
31834,0.16403969
21022,0.08604704
12212,0.09955033
16160,0.5807031
7380,0.04847504
1500,0.090099
11649,0.22516544
6648,0.07751523
30928,0.08545393
22013,0.019416053
19097,0.13378116
27028,0.02011268
16834,0.036102347
9574,0.08931148
2608,0.14237162
16553,0.042320658
25007,0.06944667
15541,0.093606874
15103,0.10336476
25543,0.03659979
32337,0.06424482
31676,0.10542593
14161,0.022143697
21984,0.11207903
22676,0.073504835
3578,0.028432265
2718,0.16971345
29149,0.09713183
13851,0.11174037
26255,0.045325935
9578,0.10756065
3931,0.06317008
5729,0.059070185
10565,0.07239151
17127,0.14006422
21864,0.0075909225
22151,0.053251516
12398,0.09504504
29809,0.10907643
26502,0.10478708
6923,0.06195503
12062,0.22148219
5923,0.03409931
32450,0.045239754
31652,0.05124254
28308,0.058751065
13986,0.102138095
4525,0.078263044
7715,0.36650452
27301,0.34759387
1810,0.12035988
32612,0.19485904
32292,0.16076584
6679,0.19620173
29722,0.119766824
32504,0.3902079
8839,0.012484225
32411,0.09902169
27189,0.066512525
11776,0.13340911
13855,0.078849085
4974,0.0593729
8891,0.06723815
23854,0.060361203
7862,0.043903295
12005,0.07059333
3596,0.03514754
108,0.019538708
17433,0.0503992
4108,0.10494999
23186,0.15008837
22922,0.14839797
30293,0.09070301
20574,0.12815686
15678,0.27668905
2588,0.048581284
10083,0.05843945
6826,0.066882625
4652,0.09016179
16099,0.052006163
2623,0.045851056
9743,0.14053443
27135,0.25711486
33091,0.21829265
11111,0.07704875
21807,0.11887377
25556,0.0683239
16877,0.057520945
27524,0.026568437
15956,0.05705967
32919,0.052858252
11608,0.025538994
10290,0.08687523
23628,0.11282641
31784,0.43270895
24272,0.80590844
29119,0.17260244
31301,0.071657345
24,0.032742463
27775,0.13798313
16995,0.1370026
5999,0.36481887
21037,0.17009716
18865,0.02856013
1036,0.065354675
1295,0.080426686
9795,0.08106908
32248,0.08727017
29343,0.062229477
26709,0.036697168
17763,0.15553862
32586,0.06969243
23906,0.06502034
27379,0.056383997
12521,0.03280029
28572,0.06812344
4214,0.13217482
9312,0.07322845
27206,0.13146739
25569,0.1698246
1690,0.07789307
32537,0.030424768
12812,0.22992194
1202,0.057743378
17938,0.18523578
5226,0.10185015
13594,0.291692
21868,0.043632343
22278,0.12095627
2149,0.08784799
6415,0.10315416
13790,0.03343454
20365,0.084724195
25069,0.12057382
2448,0.0958962
2734,0.24735928
6501,0.059534248
25872,0.097501636
29202,0.04879546
20455,0.166879
2596,0.08195935
20268,0.05836042
30990,0.2332618
7807,0.065247364
12925,0.5356238
24174,0.27050906
2125,0.10329109
24571,0.08577114
4006,0.20769592
13873,0.1292954
9433,0.049816612
28397,0.07773571
6088,0.10207619
6971,0.091725826
1022,0.06359181
21364,0.26432735
25547,0.05982003
27698,0.06581237
17233,0.046262354
31537,0.08994556
8959,0.15040939
15108,0.03755162
31027,0.22882621
14391,0.16112025
2648,0.14256683
10114,0.05826406
20856,0.1279881
20499,0.06268114
8979,0.26466694
13899,0.0139810685
20773,0.12048429
7851,0.0051228977
3190,0.1558477
8068,0.046480615
32627,0.15209582
21970,0.054537863
20764,0.031085704
17254,0.17057362
11072,0.07382785
25057,0.089608915
25257,0.28142497
6231,0.23196772
10587,0.14085788
26698,0.2067094
27703,0.05492576
8702,0.09677213
7733,0.31497136
32420,0.049813516
25735,0.12973681
24193,0.108694784
1809,0.22557788
9585,0.10922124
19842,0.03531459
29493,0.08330998
3203,0.09462148
32254,0.044930447
28608,0.053143892
30051,0.1939484
12906,0.08452701
32296,0.04499699
22913,0.10335171
11964,0.51373065
31812,0.13364679
7494,0.0069066174
22008,0.04699783
29492,0.26431102
24899,0.15449156
20983,0.104180574
13595,0.1116851
30743,0.3338849
21876,0.081721395
20232,0.2659394
20837,0.1820147
2189,0.08150641
24587,0.016388867
9726,0.12139216
19343,0.12957104
18521,0.10073378
6206,0.032852072
6739,0.06945403
26482,0.11754335
33344,0.15181069
21738,0.19837809
14430,0.15220706
5364,0.010858528
4397,0.13695452
12952,0.08284282
3773,0.6453626
33334,0.08612351
13042,0.07536511
24485,0.014621701
23987,0.3102393
30209,0.07782616
22058,0.06709331
12050,0.0537865
30342,0.08021146
28253,0.058553874
26728,0.07488943
6219,0.12719671
1928,0.2211206
3081,0.049020905
15801,0.13732705
25328,0.010134773
5807,0.37661412
9153,0.032957625
30290,0.24668458
14334,0.08428055
3259,0.036173902
2135,0.12706648
28833,0.22686644
11574,0.012797415
4800,0.48026478
10316,0.10118176
1088,0.101258345
19214,0.3890811
4346,0.1512487
2092,0.033748034
13655,0.15919839
28758,0.04596828
10108,0.12158779
12152,0.22393359
1614,0.048318997
5369,0.22376318
20037,0.06130817
17259,0.048648946
6316,0.01427052
19537,0.3266739
10742,0.039084397
13811,0.019572604
18652,0.103188336
19276,0.07982871
12431,0.2011137
10439,0.0493361
1803,0.047790274
15358,0.104275614
20742,0.065721214
17204,0.1648654
23381,0.08066519
15294,0.5140803
31828,0.023179853
28939,0.12206249
4609,0.18743171
24480,0.023770798
12027,0.3530214
9038,0.044125564
31662,0.17303206
9361,0.05329693
9785,0.05505596
28388,0.048056226
32281,0.10373877
28058,0.2754835
7719,0.03494808
4223,0.03074117
5376,0.290316
32222,0.08346122
10123,0.054127038
21830,0.07152785
9646,0.20304005
27441,0.012193196
28514,0.13239051
26057,0.1333803
24510,0.100782275
6521,0.41878465
18431,0.13510841
10391,0.0775518
1527,0.038552262
26009,0.105979435
25137,0.058947343
3756,0.07143114
16349,0.15197217
29678,0.14367686
4294,0.08383838
32495,0.11460047
7859,0.03584604
9710,0.08848697
9641,0.08618259
1977,0.12070504
6203,0.07526401
12684,0.18176417
7419,0.04399829
4480,0.07550723
5242,0.073369764
31988,0.09174361
3078,0.060733244
31773,0.07356906
32498,0.13752888
27182,0.08905869
478,0.23488201
31640,0.084900744
15697,0.113029815
30201,0.21015683
25509,0.07348539
19381,0.4586385
2329,0.08808471
16683,0.030935807
17836,0.37451932
149,0.07156374
5546,0.15779793
283,0.03314019
22375,0.053748477
22029,0.1438133
11432,0.17302713
5313,0.046149664
9020,0.106455095
29560,0.09221368
25928,0.069746986
8619,0.037315015
32366,0.09596226
16850,0.08555874
20189,0.040983282
7248,0.05697295
25848,0.09750814
26940,0.1842117
908,0.050537206
27884,0.036393642
23098,0.22821072
14409,0.07767679
23910,0.055249095
18707,0.040242556
1602,0.31344357
5769,0.044540294
18780,0.09713875
13513,0.08463554
3043,0.050119366
11811,0.01607435
7475,0.07512969
12722,0.01926044
17051,0.19839415
6109,0.0747856
20671,0.0955773
23490,0.22973117
23706,0.2192065
4021,0.13383622
18050,0.12326796
6833,0.04499767
9950,0.04787856
23301,0.112664506
3938,0.06479013
11397,0.07472131
21744,0.037594255
216,0.09087438
1246,0.02960987
1463,0.11820903
28830,0.25406438
63,0.12129328
16591,0.21819477
4637,0.08393007
11054,0.29123566
30088,0.029135693
18832,0.048445925
18469,0.13797483
17535,0.057358626
31508,0.014846671
18741,0.020140732
33155,0.316923
9542,0.17118968
3902,0.06855789
8021,0.17062159
27276,0.24765226
25979,0.15030411
3817,0.12016769
3923,0.061639905
24873,0.45809078
28653,0.29511616
14545,0.13555154
17398,0.098588526
486,0.021193352
21406,0.10295331
18488,0.27208942
6695,0.03580938
25934,0.0648547
19352,0.05014702
15118,0.052260853
18238,0.089083254
9672,0.13933815
14437,0.25437167
31627,0.12698866
19288,0.06637279
17412,0.013112463
25227,0.057752356
22142,0.51931083
27317,0.24108715
2633,0.14185302
27999,0.051385555
26720,0.124848194
32193,0.11219987
16711,0.25999725
11858,0.17337349
353,0.032015495
2908,0.31471357
9938,0.035444867
10451,0.2958102
16440,0.042119663
14495,0.06741573
14980,0.039695784
7768,0.08414633
22636,0.07438297
33360,0.16292666
31577,0.2668422
408,0.10133218
8339,0.43973795
12697,0.044428103
2585,0.13258718
1994,0.09227098
14250,0.07118978
28340,0.12479017
25776,0.10360789
30885,0.00691088
21167,0.20581137
18910,0.04266187
17632,0.14960222
9670,0.045488175
16124,0.12208607
26337,0.096831225
26758,0.22373565
27034,0.08039028
10124,0.16058193
21774,0.06584603
6260,0.10285871
24549,0.07106615
10356,0.40334097
24787,0.075941436
3346,0.039701693
32290,0.28946194
13499,0.050724376
5945,0.041988816
13900,0.16644254
16061,0.046236742
18491,0.08742085
14644,0.0941128
12343,0.07995909
26714,0.15670268
14029,0.14981803
15355,0.07660761
21927,0.040950432
30962,0.054982122
32620,0.16532965
17472,0.1097401
23037,0.1351898
19764,0.20570095
9679,0.26892585
12414,0.4077561
1912,0.23251905
13126,0.039752666
8430,0.11330944
10377,0.18768434
7836,0.18660422
31428,0.07333032
15562,0.074923426
32139,0.040939037
21480,0.16632055
24489,0.050594516
18007,0.10628838
25135,0.053000137
27150,0.09631224
6471,0.24784139
2630,0.07601691
8710,0.081324875
24392,0.09437754
10242,0.05676356
26120,0.28986177
27350,0.02434128
24216,0.07362204
30276,0.092579864
23521,0.039157707
28040,0.1841097
7481,0.05722008
10353,0.141314
2944,0.048393305
7239,0.30060405
13141,0.19379598
5349,0.1499121
3919,0.21429525
5118,0.110952616
16863,0.07034838
27447,0.14360301
11521,0.10597166
13476,0.0095475875
26232,0.23913983
4999,0.026164418
7751,0.1293284
17689,0.2751006
27727,0.06534011
28930,0.18893352
6654,0.07164782
12011,0.030425495
20159,0.010819342
24319,0.057642754
17962,0.10042878
255,0.061001413
2291,0.038520504
2799,0.06833547
29213,0.068457305
19817,0.43071178
9066,0.054190114
13466,0.056561187
7447,0.04295107
17923,0.052030414
30421,0.18037121
95,0.08382972
10898,0.04840139
24161,0.5421745
31568,0.034323197
2348,0.20045249
20745,0.16405568
6668,0.18461946
18020,0.06957353
1385,0.12542102
3741,0.15292467
2661,0.0784163
134,0.30686808
4281,0.09156209
5203,0.3319922
29968,0.33934784
9426,0.18288454
18397,0.27873373
32392,0.09519423
22734,0.1083783
21777,0.018891044
22959,0.3350262
19021,0.038954724
2902,0.07876386
21633,0.121300995
6653,0.015750004
12963,0.09915045
25868,0.20154434
24157,0.092795685
22411,0.38020664
2885,0.09945997
21217,0.20205478
12248,0.091521285
32400,0.22207773
13742,0.035898488
21077,0.1584868
33034,0.18910971
15657,0.04304444
25786,0.32324728
15560,0.13064313
32414,0.062581964
8014,0.19272839
9929,0.012279485
17300,0.40853426
10352,0.16146411
8735,0.21653257
27341,0.36865774
8341,0.09140808
11682,0.10126214
14293,0.25586346
7013,0.02984988
30089,0.18054955
7023,0.06578156
22216,0.07119815
11814,0.18347514
1921,0.037942365
26465,0.19574393
29790,0.070903696
8758,0.00990465
22412,0.104542166
18217,0.07441433
32585,0.040129527
10958,0.060216613
24555,0.076894775
30132,0.078696676
29610,0.50743514
6367,0.048015416
26108,0.08964665
895,0.2352855
21265,0.05912079
21256,0.32199436
18142,0.016627215
873,0.07201272
26315,0.050135918
24760,0.026545616
867,0.19108294
16379,0.03960937
11978,0.04972272
31993,0.057247207
6257,0.03542022
2286,0.39102563
9644,0.24554814
32735,0.040199693
21641,0.12083457
21601,0.07476255
553,0.17056185
10138,0.12994644
16917,0.24005586
21841,0.11939121
17895,0.09054341
29696,0.11461215
9159,0.035325207
28607,0.11002009
6955,0.07869737
1290,0.032989416
13910,0.071211606
18528,0.32777426
601,0.06223359
30090,0.30515927
4238,0.14012201
20482,0.07446542
24063,0.04429749
1816,0.049789026
20429,0.20336674
6083,0.1180977
16345,0.22743069
23042,0.0686806
7949,0.11008636
19881,0.1394012
22634,0.03711948
9896,0.14327846
6245,0.053844042
21540,0.15850817
10711,0.13428698
2051,0.16120999
24008,0.28472352
12228,0.28274342
21156,0.24590787
23043,0.09776435
15049,0.105699286
5501,0.16349949
31634,0.060009878
14853,0.1535499
4799,0.0490707
2607,0.08806832
15195,0.022281308
27166,0.09486832
20034,0.055952225
25116,0.10632481
1504,0.031453263
16659,0.012792025
19865,0.061480694
33217,0.061728727
25592,0.36982706
27772,0.06235505
4681,0.16109496
22812,0.05227205
12405,0.022320159
310,0.15042405
21097,0.17029446
28834,0.03871165
11500,0.076877326
24388,0.10496376
17736,0.06524967
2658,0.13245982
2727,0.065008886
22904,0.10688535
12867,0.08105016
4602,0.13293298
31132,0.21310008
26542,0.012745902
3571,0.03347172
19299,0.14919786
22193,0.007481381
14886,0.10915009
10462,0.21950637
2972,0.08826734
21923,0.037585896
15192,0.33085248
28184,0.4375799
32406,0.2187853
5799,0.0154146785
28156,0.14514248
30621,0.29305512
16270,0.073195465
12980,0.11088088
2469,0.10723398
9422,0.04810972
3278,0.04311102
18936,0.11383704
9224,0.07655564
11331,0.31165403
19004,0.19728757
10232,0.026478106
28219,0.3441355
7726,0.18353267
15709,0.055888977
14530,0.16908686
22421,0.08091589
23000,0.17797701
8695,0.1655498
30710,0.20287228
10197,0.020227253
171,0.24491054
14466,0.3987354
31919,0.20834078
28886,0.038840503
3589,0.029561894
22889,0.1505685
6181,0.055643626
9628,0.06403362
5099,0.06239888
26757,0.058504894
15231,0.061610617
12420,0.015644707
16866,0.05369831
11694,0.11403497
8595,0.29109547
4153,0.07134836
12826,0.051168744
13222,0.32907653
1853,0.11777971
10665,0.13067275
23280,0.11934077
17752,0.12071063
22260,0.082434095
12586,0.035606094
22148,0.083226904
11874,0.064011596
11872,0.072530545
22677,0.13842636
8133,0.03432809
14639,0.11875801
26604,0.26759654
24244,0.16855876
2684,0.14348528
24716,0.17920224
5590,0.5505677
20472,0.1724714
28916,0.09521591
20824,0.054086022
27603,0.1467493
25617,0.021443684
7119,0.07657676
14774,0.015321296
28355,0.08798639
21093,0.28887147
3945,0.07360718
4474,0.03634901
22277,0.113605075
12706,0.1475151
6122,0.07851731
4478,0.15809077
17368,0.3147969
14347,0.13682666
5598,0.2893976
32177,0.039834607
469,0.037293993
10010,0.074786454
564,0.1282698
10037,0.18682061
25382,0.2757894
6621,0.042346697
1098,0.038487423
8734,0.0951202
11852,0.06990001
9517,0.12508886
9479,0.14645977
9170,0.030001385
16966,0.055864356
15630,0.15621392
30908,0.15598266
29425,0.12933418
20693,0.08234236
15746,0.26363775
1431,0.6280426
9022,0.50215286
5886,0.08072002
13756,0.40590048
27009,0.21756563
18250,0.1418332
29431,0.07653737
11353,0.062936336
17324,0.07802148
17901,0.050594002
12290,0.54864824
15894,0.11820244
28724,0.19369446
26922,0.05714933
29015,0.06558203
27400,0.025573049
22268,0.021663614
11870,0.20565118
27031,0.08347584
21544,0.081589565
1705,0.043448847
20840,0.049103074
19699,0.14162658
21047,0.053337865
27939,0.08234759
14802,0.06323521
23668,0.07424902
9144,0.10277514
5795,0.057722148
21120,0.07965384
33243,0.07909651
18329,0.29929677
4479,0.052729215
29020,0.24414195
12460,0.057240274
15477,0.1036492
26303,0.041840278
27719,0.07145087
13002,0.15730903
17454,0.34925687
26235,0.1687478
1257,0.11406713
30374,0.038119327
9683,0.12757196
8669,0.04109117
7761,0.0815888
30108,0.023932846
27806,0.15545261
1523,0.10303525
5197,0.24719705
24577,0.019940624
19168,0.056460965
31130,0.19673975
2724,0.0131367035
28542,0.2789722
9903,0.15378785
27796,0.044720892
23224,0.056970015
16854,0.18185554
9544,0.31546965
23836,0.09130739
1696,0.1225288
2346,0.006053125
11491,0.14840755
17896,0.22346543
9097,0.013021795
24025,0.100520544
1293,0.032629382
20991,0.29018608
7064,0.046875242
18511,0.024213113
20356,0.035358436
25160,0.1374606
24038,0.20332947
15774,0.37074628
5388,0.077094726
2667,0.06679134
16802,0.100716636
4173,0.074952304
21399,0.16093574
30708,0.057859678
7871,0.049846254
22085,0.17646171
16809,0.12641715
10015,0.03381637
17305,0.025762774
4546,0.1454935
18484,0.01424871
8013,0.01677524
2159,0.18912493
2433,0.07700436
7913,0.06876435
16626,0.020820102
7466,0.08887648
27337,0.28036857
29460,0.2604423
28028,0.046551213
25108,0.053067178
5786,0.04619497
14445,0.095843546
794,0.051695865
21463,0.18802832
1666,0.053122714
19311,0.041177846
21395,0.35622847
26418,0.048502177
12047,0.28430423
14713,0.08538518
18049,0.024183208
33283,0.055303976
2546,0.008901379
24956,0.31682348
25478,0.13061506
1630,0.025362907
17532,0.19795519
9274,0.2282553
22259,0.1687478
21185,0.034145813
13185,0.06444063
21965,0.106938235
32756,0.016128331
27855,0.18638504
32136,0.046540607
26736,0.37842783
159,0.08825387
26522,0.17839985
32352,0.10521215
12462,0.14935783
30517,0.11086187
13831,0.038490433
12747,0.12957974
6108,0.101161554
30327,0.17078155
26160,0.3334489
20962,0.15407766
8931,0.048493933
16570,0.04986322
23863,0.026292037
23640,0.01956561
16408,0.040513854
24214,0.13602446
24913,0.21671247
2230,0.042255674
19685,0.12598445
24114,0.02521872
8277,0.039800853
9824,0.15384436
19714,0.037099928
26533,0.050169684
1421,0.089057274
2950,0.08958274
3132,0.055567354
9749,0.06650134
32973,0.04757115
32897,0.16262917
8785,0.11991019
13312,0.20258558
31031,0.095291294
27829,0.05035109
11294,0.16492085
10493,0.18074931
21460,0.16679956
31863,0.2761185
849,0.0832219
18350,0.19068247
20940,0.079780474
20724,0.040524825
8500,0.03322939
17464,0.02395128
27170,0.26029482
13552,0.046006415
28989,0.033485565
25659,0.22117326
7090,0.04980676
13356,0.200886
22300,0.122030616
12128,0.13636532
14476,0.24912995
14273,0.06409515
11236,0.029084738
2796,0.17869933
30109,0.2677087
28118,0.06135696
17664,0.10172047
30237,0.03577193
32072,0.32600752
5610,0.14134997
14817,0.09819061
16207,0.22084923
18851,0.102275066
1763,0.090015374
3256,0.061491806
19375,0.349817
9437,0.0465094
9508,0.09292375
20338,0.1223959
16984,0.03832071
2973,0.11647563
3342,0.06476478
30280,0.19333711
9531,0.083088495
3239,0.060468107
12640,0.11642904
13392,0.062692076
2014,0.33377755
9318,0.33235058
31274,0.06052951
27778,0.09921715
16091,0.05529914
32913,0.15793903
10749,0.45097327
7378,0.14597087
18495,0.19024026
24862,0.31878927
6057,0.12861784
4937,0.1559586
29948,0.18491653
31914,0.13690051
9727,0.068662986
13431,0.078898974
5476,0.06773597
17806,0.19391493
32431,0.20596118
17699,0.14841674
9715,0.060082298
25224,0.17452231
4452,0.07141865
11079,0.20139374
2054,0.023759454
24954,0.1690117
27381,0.06838236
23491,0.054492354
9875,0.04246325
1701,0.08219457
25560,0.1126122
16630,0.086582385
28194,0.09961521
30171,0.13846841
10438,0.23638709
14393,0.04611157
24015,0.05330265
14540,0.29708642
5966,0.09397589
20241,0.06680696
991,0.19509302
16860,0.07737118
8048,0.11393538
17086,0.2713463
11210,0.19844872
2537,0.27744055
20085,0.15757465
22890,0.1194541
20659,0.12200026
11813,0.05293637
22855,0.11775919
6134,0.035996996
2439,0.025929756
26615,0.07671372
441,0.20751846
32964,0.07542401
7872,0.03314262
14799,0.16049737
29019,0.023651281
3586,0.042326584
2494,0.036938902
11102,0.22894408
26716,0.010801012
28754,0.104684696
17168,0.09774111
5433,0.13916574
10569,0.055928666
21999,0.07555911
26347,0.04260326
15255,0.020200646
1643,0.035345428
1268,0.17232609
3051,0.29757726
14797,0.008533265
23741,0.2975748
9247,0.14627734
21270,0.13909902
20337,0.048578493
8651,0.072017215
30401,0.27550763
17234,0.5124226
3363,0.088166445
1324,0.30937123
1673,0.054142162
23761,0.06028314
15808,0.3284245
24092,0.05704419
1632,0.061323863
33058,0.056623332
24257,0.12176425
836,0.09590171
33313,0.02370768
22402,0.33575764
15189,0.22178693
12493,0.13996987
27151,0.094781384
24027,0.22516543
28879,0.106687024
27575,0.046981845
24073,0.015547203
5608,0.105239786
13933,0.025834613
15793,0.1227553
21237,0.034858525
31187,0.078619204
12752,0.020342018
16786,0.17255685
4258,0.18863997
7202,0.14430611
25303,0.118956596
14180,0.18131049
28814,0.04772406
25075,0.075066015
16143,0.16443914
5263,0.071157806
9292,0.0388996
23904,0.16835481
13236,0.07277968
31020,0.20375893
14808,0.058768947
30113,0.3185436
4972,0.06699163
11048,0.09125092
16531,0.07044841
591,0.0683741
14324,0.09888032
30372,0.042898953
31560,0.10278105
14647,0.09646038
22368,0.16471142
5712,0.037915893
27291,0.08917582
4524,0.051557768
16810,0.17873129
9557,0.07919862
5448,0.03315233
22418,0.060801085
6536,0.12169509
6138,0.20238066
6438,0.20302299
32488,0.18134682
21767,0.18277782
13525,0.19806449
9552,0.09724894
24389,0.13372722
10419,0.069586895
5809,0.093972676
2993,0.13458812
3276,0.044320367
4897,0.026647713
12328,0.103862256
31208,0.10878439
8749,0.07723106
4968,0.05151894
29872,0.103225976
7357,0.32448548
19208,0.20579784
30257,0.06123884
6933,0.07605784
24996,0.063183144
27125,0.034895957
18820,0.05789724
14627,0.020584445
15484,0.040201414
30000,0.16460213
15248,0.27255294
32579,0.040212356
26103,0.04265372
9461,0.07473677
31136,0.08485595
4280,0.025180439
416,0.113234095
3096,0.072986886
24979,0.4213699
21848,0.08877697
27898,0.035849977
15947,0.066569276
15580,0.11666535
30348,0.12688906
2375,0.16409092
13323,0.012486442
29649,0.09888923
30994,0.1883294
25753,0.1305104
28561,0.10116395
32855,0.115554415
25750,0.07618535
32785,0.10751462
6587,0.11387201
28898,0.3120937
7102,0.045481995
28446,0.19683763
15239,0.23269518
19177,0.080825455
29785,0.16272984
1965,0.38962546
27431,0.10051368
25354,0.044178914
24795,0.018297967
23599,0.113281496
26322,0.0483994
25819,0.08134607
24381,0.09333207
17392,0.10810396
8610,0.056157134
2321,0.017734148
16161,0.0415022
20478,0.17457761
2270,0.053379413
23629,0.27353877
22727,0.10588243
32312,0.034561746
28540,0.06250205
21623,0.049832027
27297,0.23507057
737,0.07381488
1757,0.007982676
7233,0.052604172
26246,0.017348656
16157,0.10074294
25926,0.029670937
6950,0.065247715
20509,0.27243173
25067,0.07094178
27211,0.22602116
14335,0.34197965
817,0.05924983
24719,0.16294403
29838,0.13620336
10173,0.07504407
19977,0.057144918
20215,0.2834139
9619,0.13104126
16670,0.069473125
23356,0.24933302
242,0.050044198
477,0.06907545
32573,0.21371509
7576,0.105808936
9090,0.07473643
29338,0.04440686
23489,0.05263543
7763,0.25271347
28448,0.19542602
14126,0.09082244
739,0.05175578
5525,0.046826087
15669,0.20129855
10233,0.02290213
11468,0.13903667
850,0.097643465
28835,0.24725962
24742,0.10119366
1571,0.03806074
19677,0.10585974
13664,0.11990242
25857,0.034377735
23860,0.058841117
28597,0.10924444
7263,0.0908912
916,0.032908145
31911,0.08800313
31110,0.052036405
6993,0.10121799
15660,0.44469097
31891,0.24122283
2425,0.32575893
5075,0.08501347
29196,0.08016619
4931,0.12519561
27953,0.021084197
9760,0.062641144
10397,0.30791095
13505,0.045950904
8153,0.60781467
20236,0.069195464
22065,0.20931716
21434,0.09574894
1372,0.055529017
6717,0.018765846
17069,0.024284616
6334,0.0937008
3185,0.06637003
20000,0.1815833
16847,0.28574538
28598,0.18165433
8169,0.046296846
13567,0.026568767
21228,0.03691305
4506,0.0313254
19963,0.19736631
28109,0.04781126
18282,0.048019484
25893,0.09726633
13645,0.03574056
18833,0.34014782
27504,0.07311834
22743,0.47157913
12296,0.09611448
5810,0.047689818
31756,0.37318027
17568,0.02386289
9752,0.27004546
26924,0.1505077
18290,0.05882707
18357,0.32866678
11898,0.12219719
20090,0.06511442
13951,0.09595926
26358,0.06927942
33347,0.05032423
4910,0.06728908
30590,0.053465538
13106,0.116740435
25953,0.05070422
7504,0.021460624
4621,0.11800254
20122,0.15840185
3631,0.039840654
27710,0.057120882
6732,0.11710794
24768,0.16404313
913,0.19604099
23187,0.050943047
24540,0.061016154
19694,0.036836
11470,0.2324357
22587,0.05183157
12309,0.05290688
10229,0.08457885
23016,0.10147389
11192,0.2989912
11926,0.19408087
3960,0.14521666
10478,0.40260023
31447,0.31241232
8895,0.05330384
19890,0.16564408
13572,0.044723917
10805,0.030568818
16081,0.17589533
6678,0.15554649
18898,0.06952302
32768,0.21277313
3250,0.10526774
21607,0.14689775
21240,0.07995839
31663,0.0796901
831,0.100059494
26628,0.096705146
13159,0.030147836
27006,0.023915952
18658,0.06577855
23260,0.1932762
23181,0.19032887
26887,0.04294055
4119,0.032938357
2295,0.06827458
18568,0.05571099
28536,0.09992254
16167,0.052167114
15339,0.13901652
4794,0.22770886
6262,0.14147875
5643,0.041510586
17949,0.097523436
16116,0.16423598
5677,0.049489785
29328,0.059437774
27526,0.04773858
14243,0.13233982
28117,0.05556867
32074,0.07739442
12362,0.23842281
974,0.02082542
14144,0.035306316
28967,0.41875666
12276,0.12865803
8214,0.26060054
3896,0.07653622
1292,0.12916833
11193,0.045508124
21802,0.05220661
3345,0.10531801
28151,0.07027521
11565,0.07068251
15585,0.081282936
7845,0.24504186
6098,0.1005775
21301,0.053622577
19818,0.39176306
12501,0.24752314
6353,0.06640717
18226,0.15022443
10471,0.38776124
11537,0.2711689
8451,0.06309687
4967,0.14365402
14651,0.16383915
7717,0.13961595
6704,0.062211376
29038,0.11606541
27319,0.105492264
18451,0.16833334
3712,0.16771632
14809,0.043510545
20080,0.18062396
21594,0.104948685
5190,0.055143174
120,0.07267045
31707,0.015968837
22302,0.1888731
19579,0.30308238
32149,0.07961444
630,0.08662168
24884,0.08045806
20938,0.09172128
9267,0.026626484
19421,0.26764065
1858,0.036371574
10564,0.1139618
28221,0.3118364
26596,0.14702314
2662,0.11268734
13242,0.5855769
16911,0.09948687
3271,0.018053226
2177,0.10506729
2224,0.1020703
26853,0.30336055
23072,0.0862701
23228,0.11497085
13577,0.23543845
30220,0.117870994
30887,0.015968876
2773,0.07754596
2446,0.058007143
15787,0.103459425
8011,0.014779005
5133,0.0108567355
9449,0.09851236
6321,0.11256038
5092,0.02884483
362,0.0797193
30654,0.3604259
7322,0.06371865
23915,0.058633503
2101,0.1272571
33085,0.034370635
24089,0.44087654
13068,0.06592348
8698,0.049287684
21718,0.39053175
76,0.04103701
22103,0.02507859
22657,0.037721228
30086,0.07841007
24040,0.15777944
33378,0.07007386
2257,0.045806505
17501,0.09469021
2315,0.037311982
22673,0.08007731
25364,0.095871605
7791,0.077524565
14789,0.03275186
6645,0.067956306
32608,0.09721207
31414,0.03003384
25456,0.10199953
25991,0.118343316
22590,0.17351145
19910,0.10619355
4893,0.37231013
26097,0.083681084
15881,0.15010709
2011,0.100578085
6162,0.19760755
29689,0.17027244
10859,0.033188652
33309,0.074983105
16832,0.1621474
31297,0.10353396
18897,0.09510823
18690,0.14538798
12483,0.08520958
13600,0.116306745
11938,0.33446452
29933,0.14652765
22583,0.524552
17886,0.04391785
13448,0.04871179
16992,0.012654651
15649,0.103630215
7120,0.07495616
3900,0.036983073
7897,0.063546985
23903,0.1116685
961,0.032667205
25440,0.10850322
32828,0.02871914
26198,0.10126411
1436,0.21439573
19452,0.20655923
16119,0.03220769
22856,0.08149432
22161,0.06725959
7264,0.22857624
20029,0.066182755
6697,0.2738283
7546,0.071602054
18863,0.31977412
1846,0.056779925
5770,0.089443654
14453,0.09101734
4578,0.0907457
32672,0.10355087
28689,0.27730352
22650,0.14279808
18981,0.10603217
18556,0.01327653
14032,0.2446228
4608,0.3360303
7228,0.047869995
12937,0.09249168
13409,0.10698056
25152,0.06515299
19229,0.15950625
647,0.029178225
6155,0.13313647
17236,0.041764613
30115,0.21108313
12832,0.060037013
24976,0.13029683
10944,0.061290383
7329,0.20200717
16215,0.08264178
12108,0.0970691
9024,0.2574267
5038,0.0061067585
29859,0.33664086
4975,0.042130165
18541,0.0828464
20028,0.07310741
21064,0.07763911
22668,0.08536118
7910,0.047399826
16111,0.09080428
20637,0.052621398
26240,0.09535203
4159,0.07987932
29964,0.14838143
9244,0.22490205
18740,0.034629088
26845,0.109630235
7198,0.1695259
12532,0.06786245
19190,0.07091994
5607,0.26202446
20716,0.0519356
22367,0.05625334
13203,0.06315092
25339,0.1905911
20903,0.04749398
10044,0.17388792
7018,0.3661626
25792,0.051134154
20438,0.19654055
12491,0.28045398
4552,0.11511516
2251,0.08475336
16597,0.0059489342
13776,0.049055204
24204,0.07074194
9213,0.16630915
19888,0.1277744
8550,0.20287538
20802,0.115683086
4320,0.39983433
32393,0.07189615
16540,0.100598775
1509,0.028961025
27865,0.15943247
24969,0.028722778
25370,0.01057649
33207,0.0501891
24042,0.28741127
17747,0.051088873
27584,0.41430196
19840,0.1331561
21918,0.30401322
20761,0.06203185
10813,0.026637817
20989,0.13704854
12400,0.027571714
25217,0.06098166
31024,0.36035952
10817,0.15641743
33216,0.21606149
33247,0.046963766
20997,0.10216055
20807,0.022773165
29921,0.060447626
22675,0.13522045
29139,0.23277348
19521,0.039155334
22032,0.13988584
3354,0.051792156
17015,0.15004866
25321,0.16169271
25475,0.04643898
8392,0.4880526
31435,0.030195346
21975,0.097813465
7659,0.14420524
27487,0.10463558
3548,0.10975161
13233,0.087988585
21613,0.12753521
20219,0.0751768
750,0.09247573
2228,0.12141799
14950,0.08932188
16709,0.4016497
24895,0.27962992
32210,0.039526016
10097,0.08018261
24533,0.09215209
12314,0.07005388
8972,0.09549131
26863,0.4168236
15451,0.013968151
31005,0.17758635
19813,0.23256844
25767,0.11702505
13211,0.15452296
19872,0.3290929
13981,0.08688979
25778,0.050987467
32571,0.05311589
17113,0.061299816
6339,0.09072479
9813,0.14797963
5031,0.030065006
29561,0.047405615
10870,0.1973333
29810,0.17055295
3504,0.04826365
26139,0.07368393
559,0.30956584
3808,0.063664295
29479,0.025801325
12412,0.01980555
27367,0.023644418
31347,0.20461316
23464,0.067535944
17504,0.10386308
12106,0.10077325
30430,0.15625183
23663,0.154927
27468,0.17351083
23293,0.091266714
26466,0.18709938
2428,0.042173848
2987,0.081003405
12638,0.04471959
18663,0.06385478
31768,0.17523506
8219,0.2312119
18757,0.2183097
27411,0.050155938
16460,0.21466014
31112,0.072026156
31353,0.036750056
6787,0.030533819
27630,0.1639248
17841,0.091709204
18268,0.10920338
11361,0.10565089
6738,0.10766135
10282,0.09773764
21626,0.2468981
18111,0.010435372
876,0.10538663
19892,0.081049435
1405,0.025977444
15325,0.08135608
21488,0.14350383
18598,0.26518968
17197,0.19761226
8487,0.08529051
22614,0.3078894
32179,0.056357726
11161,0.13956422
15608,0.070999704
16226,0.017713817
26805,0.31875613
6578,0.016159095
1308,0.081820734
2979,0.106165625
24916,0.1716884
33345,0.11006932
14785,0.3085187
20557,0.18040302
3666,0.053017925
13997,0.13217126
24973,0.06285476
28354,0.083902314
29221,0.08998282
19509,0.2178907
32550,0.09858346
2810,0.07485207
4726,0.16226919
20634,0.13673079
7025,0.15234904
2128,0.20785125
594,0.17963773
20680,0.015004547
16051,0.10453947
449,0.011089623
10153,0.17263559
17975,0.051363874
26011,0.11789824
14173,0.20326886
5185,0.2785209
26603,0.40064296
5587,0.10344946
20027,0.045892462
19636,0.029447043
4128,0.14821875
14654,0.16912495
21499,0.19866171
30605,0.06619139
7742,0.012028066
23290,0.053131215
998,0.047660735
4272,0.10905409
10855,0.29010323
27131,0.15175103
18266,0.18174726
30956,0.118322805
5512,0.1629299
26782,0.072437234
31010,0.13187426
10130,0.08950336
24235,0.0678511
18428,0.21189271
15708,0.025247406
11035,0.056187257
8267,0.06296139
2919,0.11685459
33146,0.05825988
18723,0.07819984
26850,0.41169554
11980,0.16370076
17037,0.027094688
26130,0.074202046
11455,0.23548101
30720,0.076845795
10357,0.0730903
14908,0.23429407
2621,0.036349364
21570,0.15861148
17620,0.118311115
12270,0.085973494
5838,0.08631596
20243,0.0989961
11386,0.10765526
3904,0.16705127
9558,0.06527049
17374,0.03161459
7126,0.064476915
8787,0.044390615
9579,0.12743668
5724,0.08689723
6709,0.13676229
24353,0.12757695
31790,0.06770864
3177,0.09638087
21947,0.23701449
17692,0.07372792
31283,0.0768425
595,0.06008098
22261,0.067357875
19159,0.1634954
22791,0.04762789
31498,0.10653565
5115,0.038117092
1210,0.13741697
26741,0.14869139
4569,0.33882213
9754,0.10911357
26697,0.20429395
33285,0.07943769
1201,0.19221489
33036,0.10611125
12213,0.008756701
30312,0.25267473
32962,0.31745082
17333,0.040721405
24977,0.0214349
16822,0.24493007
30065,0.043321196
11570,0.1336732
29434,0.112127855
10516,0.23384653
20543,0.081348084
24605,0.053894915
13863,0.09415643
326,0.04814444
1412,0.034766246
16329,0.31747228
15176,0.02281208
5571,0.14204572
29711,0.042353746
6331,0.12253112
4667,0.10438166
32812,0.21614027
16991,0.08649677
6939,0.07744715
19682,0.081517294
26200,0.07035824
2282,0.046782807
27424,0.049594946
27816,0.23006871
16246,0.08613402
945,0.3386513
13829,0.15845913
29093,0.025890896
11727,0.22680147
6708,0.2571708
29461,0.0792042
20253,0.09195011
9465,0.25497112
26742,0.082574405
13053,0.19991578
16977,0.08484858
25570,0.04634808
15779,0.2971747
24961,0.13375917
14147,0.040980857
32266,0.04252196
27550,0.031734154
25186,0.09331287
17891,0.07241255
18512,0.17014399
6393,0.079671614
6244,0.054008257
8098,0.08932271
1836,0.2547384
31572,0.31620112
16366,0.12662117
21679,0.07197648
7160,0.43518412
8279,0.10183355
23018,0.18278275
26727,0.32002848
10670,0.3472365
20869,0.16100132
29435,0.18240052
28555,0.10452172
10131,0.13751128
26371,0.20807102
19867,0.08561733
11014,0.06737025
22390,0.12039101
11871,0.29066876
22644,0.17516103
20449,0.021617752
4202,0.03283421
13651,0.0568294
3847,0.053376783
11345,0.03767945
21775,0.10912476
31536,0.0762629
14766,0.009184625
7915,0.2812924
13914,0.05533379
8424,0.06242527
28210,0.027408764
13332,0.20757598
4518,0.16753024
23128,0.041633356
8329,0.08698149
26873,0.30119476
11187,0.03267039
4002,0.11143799
31551,0.0544875
10981,0.232495
32112,0.08632859
31100,0.1229339
5122,0.081962526
30123,0.068823494
2344,0.103163846
23055,0.06548708
26561,0.076371446
13667,0.17280334
6263,0.058263008
19679,0.040542763
213,0.2795471
17584,0.052400954
9689,0.16041979
18894,0.10988117
18870,0.023777146
6902,0.051785342
31358,0.0844063
19932,0.096467376
7522,0.094519235
29615,0.5017221
18559,0.073473066
18475,0.24986996
16497,0.44412622
25023,0.12237019
6463,0.07767192
2484,0.03632559
10160,0.10024594
22519,0.059342828
27988,0.049109578
18375,0.0130034285
33142,0.2556292
7517,0.09849648
11922,0.27394363
16188,0.10065675
27547,0.09642022
23241,0.1502746
12355,0.12243948
11659,0.08282231
24395,0.096670516
4068,0.042218108
24960,0.021455089
22794,0.26324382
10038,0.009288992
19195,0.043068174
32790,0.054094426
16430,0.31458876
30618,0.30256554
17979,0.09206188
32969,0.044893008
13049,0.37686467
3492,0.076446675
2045,0.22270297
30683,0.1314701
12531,0.11734305
1138,0.10729307
28764,0.18472813
10036,0.36107737
11343,0.13748506
6795,0.055615433
17055,0.27026808
11295,0.034118585
25165,0.10815386
14768,0.015101254
2041,0.046362106
24723,0.23577292
5441,0.007374554
14602,0.5150945
25025,0.07753078
10570,0.46473798
6031,0.2643461
15310,0.04930123
32049,0.060985718
4039,0.09245916
3149,0.032123175
2131,0.015331572
9154,0.05024428
25310,0.13683859
17818,0.03930004
22374,0.43623686
16989,0.03256317
18258,0.17357662
31854,0.06626412
29927,0.15782794
4106,0.07813877
28407,0.15327235
32999,0.16658877
16191,0.26960558
28188,0.403038
13376,0.25588876
24844,0.28159282
2872,0.031339336
28507,0.15504314
14357,0.20915295
457,0.0991248
22451,0.050366372
12401,0.07347509
5395,0.11541988
22575,0.10527284
8588,0.06073385
22786,0.13059779
29464,0.3266093
15953,0.06830057
30572,0.101928204
20932,0.03454504
14895,0.15018812
4919,0.16749743
7613,0.56411934
18180,0.1685679
1353,0.11024808
3765,0.07479376
8045,0.22786549
29252,0.052066706
13372,0.16255616
12682,0.030225165
6810,0.6047012
21650,0.09675118
1634,0.14209001
13294,0.27061903
10060,0.36805105
6343,0.08949801
26361,0.061532605
2742,0.20251498
25157,0.072587706
13775,0.13956757
12170,0.13876648
2034,0.041716646
11443,0.044371262
24880,0.120064735
16389,0.084534004
13130,0.10835897
26008,0.04716388
21249,0.10085529
21732,0.14771974
27687,0.09003983
33051,0.063388504
14448,0.1949137
4373,0.06282981
2827,0.17117803
12009,0.13981396
22516,0.07231747
9039,0.06122419
28041,0.2272628
5017,0.063987166
18571,0.15966159
20011,0.041923802
4067,0.07964437
20214,0.19754803
1778,0.08691615
16604,0.077238664
18649,0.03777654
4492,0.15877357
8816,0.3313821
15062,0.080855064
2471,0.13949133
23840,0.22948983
6556,0.12248129
14720,0.03015326
1784,0.30758306
7645,0.27447125
21356,0.19159676
27476,0.14853023
29316,0.081756584
12278,0.015357242
2269,0.27356786
29727,0.24639834
20894,0.011034209
25167,0.35293075
21483,0.09323177
1593,0.48430198
4197,0.037498225
10343,0.22758426
29130,0.2272055
25557,0.12220291
424,0.11432596
18709,0.06508937
28664,0.1317967
28669,0.14549018
2895,0.039028596
25783,0.049654897
14171,0.20176817
19417,0.049259182
14439,0.08489147
31822,0.31228715
33162,0.07127161
26397,0.093593955
31180,0.0411257
20924,0.15355736
5333,0.10110611
23727,0.056257874
32883,0.03476648
14887,0.058979567
12311,0.031572077
5765,0.052211236
585,0.12216319
24910,0.052845925
20133,0.0033150131
4278,0.05770603
30015,0.08783396
6879,0.37664416
3255,0.06916538
8968,0.1181513
19560,0.05882349
19773,0.10523672
17548,0.061342347
31700,0.08157479
16649,0.07874717
30867,0.23355557
3314,0.083791874
25968,0.20022418
5208,0.112254135
7840,0.04016899
21231,0.20320477
23425,0.11373982
9876,0.05312829
19132,0.062597044
20017,0.023853736
1626,0.02725195
5659,0.1728789
14871,0.09204983
19001,0.004183688
3958,0.25472128
24955,0.06099365
25435,0.20158693
13753,0.015014678
12219,0.2198497
7045,0.07862088
31389,0.053804424
5803,0.06816909
7979,0.173681
32834,0.10530238
19697,0.13535127
4333,0.019252623
4341,0.4470145
516,0.27468577
4472,0.09481042
31161,0.22518653
27257,0.27639207
15720,0.0951792
19116,0.072949596
7088,0.098403014
9940,0.04165647
16504,0.15938003
25388,0.2876176
7362,0.22150578
8581,0.16067335
30821,0.3888001
6300,0.051151548
27471,0.047171716
15381,0.10517344
31764,0.07959312
6656,0.3741623
26969,0.033129778
24997,0.05459321
30100,0.074440315
28696,0.65877134
26715,0.038683765
14547,0.06420292
23742,0.16520694
23881,0.077366754
4797,0.19906089
22127,0.10548212
17538,0.20802987
22033,0.028938478
26630,0.07243254
12868,0.027527876
16963,0.04146936
16909,0.06002264
6087,0.10664184
3478,0.15202235
24892,0.017533027
21620,0.32867214
846,0.36312377
5064,0.011370571
25598,0.040788796
13755,0.08033524
19388,0.18783875
7408,0.010025007
32918,0.035838682
30542,0.11830318
4222,0.1647376
20461,0.14223783
20694,0.05243651
20196,0.035054468
16904,0.03048162
4027,0.3596243
23450,0.06493149
2070,0.029140603
10075,0.071910806
19936,0.084695436
15272,0.106044374
2137,0.032069713
29974,0.08951488
19717,0.07099823
18038,0.25052816
17188,0.2214102
21253,0.22943535
15071,0.12466873
19756,0.024808483
28779,0.037262004
14449,0.39965066
6039,0.0645193
23238,0.10177486
27460,0.08505517
20558,0.058185235
31809,0.11230451
20460,0.021775264
2086,0.05124029
20789,0.10647671
5446,0.11932764
18786,0.021378638
24331,0.33265167
17346,0.1734145
21939,0.16506311
13480,0.1806187
14663,0.27981794
22313,0.083179995
778,0.05288687
19020,0.10868945
2398,0.11880295
13739,0.17679115
12790,0.05185306
31026,0.023756512
23471,0.14834408
15124,0.43928337
18972,0.09102815
24250,0.46420285
30591,0.07920342
10541,0.30526203
14533,0.060842063
26564,0.07936376
19729,0.22593568
15882,0.114586495
9352,0.07760472
28295,0.114759006
24763,0.1751445
434,0.03086671
17826,0.10771627
13379,0.050133996
4839,0.044162326
23092,0.47133887
28265,0.15058543
29794,0.19727519
15707,0.28140327
12018,0.10187261
3747,0.10439316
25914,0.35232964
24277,0.09146609
11833,0.061253436
30712,0.07664379
24307,0.3123913
11063,0.1931895
19878,0.04285174
20661,0.015938422
26334,0.1583633
25728,0.029135693
25634,0.11046952
3546,0.12666258
6544,0.035462502
24776,0.0345426
22607,0.06303825
20830,0.13992086
21209,0.39762214
8886,0.12368323
17434,0.14836259
15760,0.09725078
7425,0.05650155
11841,0.08871785
14866,0.24765708
6460,0.17301512
4301,0.079415396
32464,0.084061354
23518,0.13360159
9166,0.14304051
3299,0.048503175
1140,0.08245849
15652,0.045630217
20673,0.051468305
21725,0.14359888
26992,0.19147845
21593,0.017524255
10103,0.076995395
32761,0.06425716
12972,0.021395957
32044,0.31269595
14119,0.25987568
26236,0.059476692
2057,0.2019315
6440,0.120532796
22101,0.6384708
28946,0.061551783
29333,0.046154205
8778,0.051811393
20473,0.08427261
9732,0.12135411
18503,0.08247472
15980,0.09154276
15450,0.21334943
16199,0.103538364
12301,0.19555883
29735,0.08719611
18734,0.019753812
12653,0.1282873
2542,0.18121985
31203,0.16185583
4502,0.17446393
28102,0.12100736
3441,0.03725806
6451,0.079046085
18292,0.12904222
30959,0.03225215
166,0.20576102
6051,0.057199795
20655,0.2701634
26692,0.06478448
31709,0.039045226
18660,0.06276383
8094,0.23086771
4381,0.08417754
12639,0.060943928
14591,0.032035857
17466,0.2857765
19759,0.3582179
21600,0.2801236
18241,0.07043794
4804,0.26090857
18396,0.4322809
10514,0.24358314
4362,0.10451822
14337,0.03918086
8041,0.42589524
14492,0.38426352
27334,0.075794205
19886,0.12413307
19391,0.346313
21659,0.08959244
11731,0.1499954
13582,0.107201554
18276,0.15536226
28255,0.046312507
8827,0.131889
26790,0.18748948
27784,0.06830689
8900,0.15866591
3047,0.09250036
26144,0.2673316
9483,0.12593445
27964,0.04617955
14967,0.15753639
27568,0.20847493
27733,0.17274871
27862,0.23536389
14218,0.16369474
27996,0.078146204
296,0.0539633
15902,0.12077093
17458,0.695895
199,0.0552364
11527,0.06198052
30406,0.06285229
17625,0.02043016
13449,0.31164905
18794,0.06971599
3602,0.065906495
6043,0.14574577
11684,0.05969323
2141,0.33357123
4425,0.108344585
28068,0.051087778
24202,0.2496351
9584,0.14231202
15214,0.09011004
15280,0.15965109
11595,0.12303444
33197,0.19238491
15771,0.18303578
28763,0.11390223
19125,0.11894243
19017,0.017876403
11712,0.039463915
18011,0.15081802
23336,0.013286133
32900,0.35790294
32163,0.13733013
21125,0.18468127
40,0.1740339
13445,0.20143548
13015,0.08163524
12069,0.03755653
4995,0.057267915
29295,0.13925332
16113,0.050638065
2039,0.09058145
29142,0.12065776
15019,0.11889789
27915,0.08340213
10120,0.09530333
32557,0.12310893
14493,0.027602555
28222,0.06243677
28031,0.052407194
26608,0.08841338
19460,0.02514535
23680,0.15209268
20786,0.12460103
11932,0.24915741
1254,0.05984376
5705,0.1671254
18881,0.18910097
20975,0.14406529
21181,0.10877216
9895,0.07547353
25461,0.015517876
23765,0.035051208
5745,0.018861055
5151,0.026452128
31877,0.19073968
31047,0.19731069
10427,0.26431102
3491,0.038432553
24143,0.09819842
13604,0.12110367
24254,0.06665137
18031,0.13891824
28312,0.021539388
4368,0.058394916
10575,0.08758175
8334,0.04736595
10556,0.036343694
5904,0.022388596
31630,0.14217697
20144,0.055268176
16276,0.36522198
654,0.22095793
28173,0.44235408
13452,0.08397134
23176,0.10207562
10053,0.069783784
20992,0.09619133
22905,0.05815033
1703,0.05246766
1518,0.058428917
12572,0.5310928
28854,0.08860752
18208,0.16744608
7740,0.0798448
8766,0.021019697
31808,0.13184273
19945,0.054058865
11643,0.037685677
4448,0.12493361
19365,0.35987478
7122,0.07556094
32,0.27430734
3951,0.07576673
5960,0.055705126
4571,0.18306974
11166,0.032650203
4618,0.019589894
3167,0.103709675
26083,0.05996628
27848,0.032685682
22958,0.12307805
9671,0.16811492
31303,0.08099746
19412,0.060802136
8146,0.11809702
13564,0.024850486
11495,0.122414865
7505,0.050899107
30063,0.16086453
2643,0.012882822
14716,0.048978798
21664,0.08100253
31513,0.044919215
309,0.34781283
20476,0.059103746
10470,0.06642599
14848,0.23922902
28752,0.067547336
5678,0.07565239
33301,0.4308846
15799,0.15726972
28741,0.05822207
30233,0.06627972
3535,0.03613324
30231,0.058848575
6488,0.118251845
14422,0.24337225
12539,0.2531035
32564,0.2453923
2008,0.03268046
7827,0.08557885
19785,0.11243874
5674,0.16673471
816,0.081838995
30643,0.035358038
2308,0.031975057
11607,0.072761044
5458,0.016892979
23091,0.14092514
15895,0.031098435
32695,0.067338094
5051,0.10068022
7774,0.10612982
28869,0.09489316
30267,0.14216171
18384,0.3383442
10272,0.100195006
1457,0.12192139
21454,0.10520187
18891,0.11396386
11424,0.113342315
2089,0.099732816
11764,0.067984864
27213,0.14485748
6828,0.2033574
1235,0.093990706
20793,0.27056313
18642,0.035863586
28411,0.081887156
8815,0.23367809
18343,0.29637444
20615,0.0327622
18776,0.016513076
14297,0.094516195
14381,0.2759362
24891,0.2973814
17348,0.07412144
6867,0.24783933
19400,0.24557862
13403,0.021848286
24359,0.17244269
28657,0.071807966
27089,0.093767814
28732,0.015233005
22250,0.04261759
2801,0.05551844
26748,0.008087447
7361,0.06787589
14294,0.08414025
22292,0.10601556
880,0.14249128
4422,0.25376242
7341,0.13962387
7033,0.09725149
5112,0.0034198523
7476,0.08345554
19934,0.20697884
2374,0.13637815
9889,0.08022979
29572,0.07499118
33171,0.3482512
21229,0.10953155
18932,0.021544425
22857,0.072833784
18532,0.25586313
26325,0.28737232
32250,0.07149195
16851,0.08994696
13630,0.03907386
27240,0.05328677
14659,0.11241969
8765,0.10266412
28810,0.061764475
32952,0.17688441
6550,0.077568784
13930,0.06261473
25794,0.17412013
18923,0.14664899
29946,0.024037618
30939,0.13066903
29393,0.115695335
18139,0.12648678
1605,0.07773989
32518,0.088860705
20800,0.0613839
14174,0.04513588
26029,0.17313725
13740,0.049825117
23002,0.081684925
7848,0.08330643
6967,0.17055522
32123,0.054243125
9573,0.23387678
5106,0.047722142
9023,0.107610665
29255,0.16987292
25879,0.036779914
20326,0.106036514
21556,0.2516624
6864,0.061062146
6745,0.14805135
16206,0.047700446
29771,0.3083948
161,0.022986813
16363,0.06988691
11846,0.21501951
32601,0.21002196
8814,0.22145529
13893,0.069468394
27387,0.21693486
21169,0.03428217
26645,0.060061816
14474,0.102216914
31219,0.15020463
17167,0.024593325
18398,0.3531009
7121,0.122684516
22392,0.23175019
3678,0.02894296
26104,0.017545177
3221,0.041935083
2364,0.017803589
2247,0.06941507
32446,0.11549934
19321,0.13062271
21902,0.012837151
19211,0.28022122
8095,0.023042819
3614,0.049024004
12718,0.1327103
3252,0.06089296
16695,0.09193717
29736,0.015791645
27586,0.13016841
27819,0.18168588
25622,0.076850615
3926,0.08031335
28423,0.03175681
24231,0.014245877
17694,0.074110515
17087,0.13895199
11829,0.08542968
947,0.068452045
17056,0.07813768
25591,0.4252839
23140,0.029166719
17600,0.106941625
26003,0.060085
4352,0.030708479
1214,0.043504152
4862,0.20002003
26655,0.04265139
7055,0.0085994955
12879,0.061150428
3541,0.1030964
30414,0.2642556
9466,0.096716434
2798,0.08053326
25763,0.15716335
727,0.02437886
12507,0.12481076
15092,0.08961312
23259,0.12282066
21433,0.33981472
12134,0.07884808
28191,0.035564467
11179,0.044047594
24539,0.17811538
19013,0.19277172
3086,0.17759131
21468,0.57856005
28532,0.04867032
3068,0.2892293
30650,0.09291251
27,0.11467989
5510,0.1758721
9254,0.42176127
14384,0.24467283
13420,0.105290934
4603,0.079339504
15079,0.099537805
29844,0.095041096
21789,0.13962857
12976,0.05580716
27890,0.40023857
14787,0.34974706
2148,0.13642763
29091,0.09279322
9611,0.10619063
5323,0.041317135
1901,0.37345847
11864,0.15046261
8205,0.102798335
7959,0.0867794
7375,0.07276301
25528,0.06018769
21909,0.1298367
3168,0.09412182
25574,0.5051758
25250,0.07829158
31950,0.13279414
19551,0.27914995
6706,0.19779034
9138,0.056696184
1772,0.4508634
18003,0.011480166
5567,0.11587953
30298,0.04542663
1261,0.13651016
5145,0.03130332
12162,0.06371049
26583,0.051845666
3437,0.15578711
8101,0.023439834
9776,0.11035468
3408,0.21797012
28224,0.07178
18214,0.019551685
21357,0.15372807
30634,0.34256884
22115,0.094078965
28131,0.04234075
32726,0.107223846
10420,0.10966641
9103,0.114763126
27306,0.104139276
23646,0.09394593
25677,0.09040867
9192,0.22473419
23642,0.2809012
19023,0.21957113
30568,0.17668086
32520,0.088660285
32765,0.086270064
4410,0.2547343
5790,0.04789954
1790,0.04298256
3680,0.16388318
32624,0.099404775
24752,0.23249634
15127,0.11184004
29234,0.068444245
13709,0.027540013
2278,0.14869942
19864,0.13172995
11218,0.080996834
30843,0.38388246
1370,0.4056608
22777,0.009791627
20477,0.07671794
31000,0.12785292
19434,0.14413576
3807,0.015067998
26783,0.07466751
13699,0.039757177
14648,0.015741047
14023,0.043246876
29458,0.13088548
12628,0.11364371
2562,0.026857283
19164,0.11540245
20819,0.054671872
18318,0.16730773
3975,0.08798194
6761,0.04492924
4958,0.042470504
6253,0.125361
14045,0.049009968
5533,0.34933168
3972,0.09896648
8856,0.080773115
2538,0.15208001
28841,0.020255655
13066,0.11767955
12007,0.28459948
30526,0.16990389
9560,0.045197777
30967,0.24080329
6636,0.14524104
2280,0.28802267
21986,0.037312727
5374,0.09850237
1642,0.058995347
6827,0.22167489
27559,0.25444236
1687,0.2360619
4716,0.051072385
18468,0.20388363
20853,0.06281642
31381,0.13108306
5507,0.06534496
28112,0.11094279
19970,0.09433317
2712,0.077496395
9484,0.057992753
10072,0.09664858
15014,0.25327224
4171,0.28055137
16370,0.08060604
3582,0.063106775
331,0.09851185
16885,0.078312695
3293,0.010900538
33033,0.17533943
7187,0.1340448
17319,0.01999311
12074,0.021467676
24253,0.0017329215
18391,0.049756717
26190,0.10135913
21211,0.07305757
311,0.3156748
31316,0.060943887
24755,0.02022448
7846,0.03495298
3369,0.054163884
29636,0.0672519
17214,0.05172375
9359,0.04246397
4868,0.076548055
20198,0.152975
1936,0.057661302
31744,0.1616931
6359,0.07678833
32985,0.19077104
16914,0.109991685
30717,0.2076449
14631,0.061277445
21241,0.058314007
680,0.033689015
32347,0.2213788
5206,0.028945575
32216,0.016953778
13374,0.056494787
30756,0.21172962
5239,0.20011973
11880,0.10812539
22945,0.057637762
1543,0.10066784
11807,0.07816003
14541,0.07700098
16048,0.04021088
30166,0.19805591
29590,0.012776715
24103,0.05689306
15421,0.13525914
23414,0.17842709
23723,0.0580013
21671,0.05425873
11008,0.02954326
20874,0.02377086
10485,0.06962917
430,0.0905147
14450,0.2971203
8359,0.06830272
32249,0.19425014
29505,0.23283169
3056,0.15149598
29337,0.058520224
29,0.068223126
7370,0.07095069
12141,0.19828886
25277,0.044904917
31874,0.15786481
7857,0.19944434
19772,0.3160732
16018,0.058529317
29834,0.12374041
12071,0.13762847
27858,0.14244656
4042,0.057312883
4374,0.28106743
25304,0.07892037
22379,0.27779186
3893,0.08336124
15605,0.6730375
17758,0.21542431
20481,0.26664704
78,0.03933691
16742,0.15365715
24980,0.10116553
4282,0.100298606
11031,0.082411945
9093,0.060813002
28460,0.06625623
18779,0.09334564
15268,0.12023537
8271,0.11242044
16208,0.3928687
16819,0.038360063
24296,0.43303812
2171,0.03072139
26767,0.08541406
20817,0.15908808
15133,0.45716754
16688,0.3380846
2510,0.42002624
25423,0.031394243
10141,0.08394198
20675,0.0813636
8235,0.098624215
3316,0.023817223
23003,0.02784379
4299,0.050403796
1054,0.1234203
25665,0.043088745
60,0.3325398
25462,0.053594224
17885,0.14733243
1639,0.064857975
32279,0.05885607
15838,0.067934595
6264,0.008794509
8498,0.0770547
25463,0.05054764
6040,0.06451668
8203,0.25063512
12042,0.08730321
8480,0.060084682
5890,0.086041026
1159,0.29885814
18095,0.06677928
12626,0.118220314
16140,0.04951387
25797,0.019302204
20354,0.3363165
12210,0.18315195
16174,0.070086256
7428,0.09429903
29476,0.03228638
9199,0.09614396
17177,0.4163042
763,0.046563763
13309,0.0066281776
18643,0.033783294
2731,0.23851709
29586,0.08768516
15535,0.052231662
30381,0.096794054
16571,0.04322472
22448,0.143599
18456,0.10099933
26080,0.50336766
14099,0.033479296
32285,0.17833886
2830,0.20240225
28836,0.10430025
14673,0.037100755
21323,0.021524254
12465,0.017366402
16101,0.026768213
5749,0.25559232
9969,0.14956684
25920,0.09006724
32202,0.028691037
22733,0.05076197
1465,0.13256384
27392,0.104985595
29984,0.038937468
16804,0.17072226
25885,0.057098746
21098,0.28784397
9280,0.047641747
30083,0.05148664
13517,0.08491907
9087,0.078297876
26106,0.14578375
19398,0.11617461
26021,0.24252573
13218,0.13983761
28139,0.05320659
12167,0.050483033
19544,0.5564449
2312,0.07913991
16744,0.01880092
28606,0.11396983
4802,0.058634046
14400,0.19120915
29076,0.0830273
9119,0.05124029
11125,0.19689202
9295,0.072954535
13685,0.06919656
15824,0.09143547
14552,0.108207546
11771,0.10447059
7008,0.13592091
7869,0.0468107
7754,0.16110168
25076,0.07000057
29332,0.09798256
7711,0.047176003
18409,0.0994694
13348,0.06409084
12699,0.017622607
21018,0.043461453
9158,0.115301825
12663,0.0548617
15772,0.14669587
22330,0.051961888
10169,0.07646536
26508,0.061756406
21159,0.07469365
3031,0.055642087
8495,0.06471309
9888,0.061240427
15737,0.1522914
7183,0.12595998
8002,0.05784259
224,0.050149247
31528,0.15955094
392,0.15032208
14938,0.1878961
13191,0.04842042
10561,0.065711424
14187,0.030063227
3638,0.3896891
28904,0.050765716
32911,0.085727006
33361,0.21342002
112,0.04464621
29883,0.064030685
13536,0.069429904
30860,0.035578102
22364,0.04621612
15863,0.095697634
14175,0.14376083
20249,0.17523862
9332,0.017924773
15367,0.20498092
19104,0.091708586
24902,0.31288078
20829,0.0486975
13305,0.04058446
1188,0.08961162
10811,0.060757723
15156,0.14933461
2187,0.36044064
9793,0.055337816
20157,0.105071485
16691,0.09155511
15383,0.3002942
4449,0.08828246
23031,0.10365196
15531,0.27572748
22141,0.08996434
31732,0.16633613
27762,0.5480914
8186,0.24824321
11488,0.024198702
30216,0.044369563
24826,0.029902367
29580,0.14431365
14021,0.12273518
29565,0.024524007
25941,0.09288498
24149,0.07120504
14860,0.028892454
14418,0.25909114
26902,0.23607965
32849,0.19272743
18224,0.11348699
2883,0.06914208
5020,0.04657957
7800,0.07126622
29006,0.097820766
27421,0.17061657
6246,0.15652925
19439,0.44459176
395,0.075478375
15291,0.17749771
6734,0.22406334
1745,0.13919434
25638,0.08397304
29312,0.027732994
6778,0.20212209
3295,0.10611313
25620,0.062797666
17442,0.09946541
32344,0.10928929
9399,0.14157063
30573,0.14284325
3499,0.16603638
1818,0.08590275
772,0.098850824
2518,0.08781356
20174,0.08857824
175,0.11948187
32800,0.0640891
9156,0.0743689
17288,0.45342013
2578,0.08770032
31665,0.23551394
1832,0.11836627
4679,0.06566791
21335,0.27725288
13317,0.2577687
10714,0.013853795
3696,0.033564147
15620,0.021178005
28050,0.18222971
8939,0.25756612
25020,0.18217166
14392,0.09873737
4509,0.038163763
11276,0.1030243
4375,0.09415704
31494,0.113070294
14229,0.1342181
10775,0.121524915
29707,0.042253107
1797,0.21181625
32269,0.20670761
16743,0.13928065
23220,0.06975404
28223,0.24420227
30729,0.038752526
21358,0.10388731
29478,0.07692625
4649,0.5140455
4690,0.13812393
15459,0.30315983
28713,0.118536204
30043,0.03451689
5001,0.10281828
13194,0.14767824
10619,0.05005772
7550,0.04858398
17583,0.07354316
33009,0.13453208
12852,0.17993833
20010,0.053917356
13793,0.076914035
3072,0.1844079
14532,0.051840346
24128,0.16413778
22853,0.104458705
8003,0.17130981
27977,0.05184019
1233,0.39569753
1904,0.021748979
31929,0.08575202
20430,0.034988992
28432,0.020213153
3016,0.031736556
21858,0.25693896
10788,0.07504786
1002,0.08569809
16790,0.15437105
15937,0.078786954
17217,0.16144246
11068,0.15547632
10907,0.08033871
5425,0.23616928
2622,0.07087842
21410,0.029961461
19647,0.10435401
30640,0.058309603
18383,0.16512854
7707,0.3070529
903,0.068136334
25111,0.11034412
26129,0.27106285
28449,0.018587202
8537,0.14438549
16967,0.27218932
26110,0.028010985
31816,0.22788319
723,0.16613223
3749,0.07374588
13237,0.131952
22024,0.059763912
9956,0.33924833
33114,0.4473756
28574,0.06396692
20831,0.06511442
19554,0.048686046
6891,0.063773334
2432,0.06814066
17992,0.3151772
20759,0.034778576
10854,0.06097233
32907,0.08464697
12991,0.34268674
17544,0.31380534
12436,0.042455595
29885,0.07063376
19053,0.057226866
26498,0.19527088
10048,0.04664121
26658,0.042110063
4836,0.04220686
6183,0.06781147
5255,0.197845
31206,0.085104875
10390,0.28659075
3191,0.017827451
13098,0.1475486
23328,0.27358356
2309,0.020478217
4353,0.06444058
6106,0.030286733
5889,0.039398335
20814,0.071703374
10113,0.16250344
33343,0.41290423
5461,0.09924189
3092,0.011882203
19604,0.09982465
21948,0.052396785
15820,0.016019419
32909,0.3887395
5947,0.2538878
8454,0.09051146
3118,0.10971625
21244,0.07363824
5301,0.10115745
7670,0.22787601
1749,0.08021049
20554,0.05425133
13319,0.09675487
10362,0.09380974
30149,0.37085107
14705,0.08429715
9738,0.1522864
21453,0.0827265
16635,0.0066949367
8217,0.07126647
11399,0.07870055
19408,0.12602873
1219,0.06959599
8956,0.1814138
21874,0.07537411
24099,0.09015801
28379,0.16490738
10436,0.057919703
25233,0.13318391
5272,0.03769321
25040,0.21471937
26680,0.06865401
30461,0.04150531
8404,0.02957439
27148,0.16436337
11332,0.10497647
27226,0.44767606
14968,0.031452354
14033,0.06747169
19571,0.5022013
304,0.096073955
22713,0.08776999
16073,0.13547492
6899,0.07663223
15991,0.11470796
26162,0.09406791
4599,0.017733766
20775,0.13596964
12185,0.122348495
17330,0.10287175
21529,0.045594648
19538,0.10900866
11809,0.073539555
222,0.06728936
13464,0.24154012
4361,0.14931113
7852,0.07620462
5758,0.112744905
29582,0.152414
17292,0.13603525
31152,0.36910707
10975,0.08634864
7394,0.045711406
5471,0.16530702
10239,0.1352246
29388,0.30096126
11237,0.13172778
23880,0.11090999
15946,0.036342014
28492,0.0760472
23150,0.20451982
2032,0.22481726
33316,0.07058078
6078,0.06364061
18795,0.12004687
5275,0.10192586
24909,0.38541093
28018,0.05543254
19281,0.045200508
32659,0.2741624
19035,0.20592062
21089,0.06896713
28978,0.15417142
17012,0.09930272
23736,0.24763653
10384,0.0313609
17476,0.09912857
23624,0.15312749
20371,0.07884537
27908,0.04420725
1992,0.045459196
19788,0.04832984
10739,0.080424026
8559,0.031247243
2037,0.19317986
2636,0.38759097
31566,0.08084118
13963,0.059711672
15913,0.09654802
27944,0.10412115
11425,0.30965516
25549,0.02781421
12426,0.05480867
17612,0.029610328
21046,0.015929122
1899,0.18961346
13764,0.12634161
5007,0.14146988
29022,0.059649937
4503,0.0746754
20679,0.037909325
11768,0.062205326
22611,0.06899961
16639,0.09310756
15507,0.084765196
1152,0.085569166
22690,0.081337556
1829,0.28781486
16457,0.24543905
4332,0.055011116
2778,0.15875185
24503,0.027532933
12678,0.06771966
8345,0.358414
24310,0.1415487
30143,0.17269829
15401,0.23836161
28993,0.5279596
28027,0.02739099
8368,0.08940426
5365,0.20024493
27362,0.51632214
6199,0.085275814
8280,0.22895195
28701,0.053061802
16942,0.042563915
29422,0.05859831
20827,0.037973475
9473,0.11556747
19354,0.330155
22928,0.100020505
6226,0.044636957
33086,0.124899425
4683,0.09589957
30767,0.22536683
28127,0.43325818
33280,0.10668334
4367,0.18075064
15142,0.27668345
31147,0.07984684
28995,0.09345784
8570,0.084127374
9830,0.34699535
2941,0.018289065
28901,0.15332404
11756,0.15262903
21117,0.064634405
20886,0.054129552
8225,0.11726016
29522,0.116697185
26870,0.050752725
5292,0.028274795
17499,0.08834483
24699,0.04925362
2153,0.10114139
8926,0.16935158
8012,0.2041406
25446,0.105303496
16489,0.026784983
3420,0.15685883
16715,0.08053326
33350,0.45800555
30940,0.13989162
5087,0.15426752
25689,0.04843019
962,0.10175066
11645,0.07118961
27418,0.10643215
30222,0.11172856
21025,0.32106185
6986,0.1424071
22886,0.14217697
3693,0.06999324
9482,0.07503409
14308,0.6102675
14814,0.045694172
25801,0.04006508
16900,0.0851658
2627,0.29971924
25450,0.0340749
33201,0.17253502
25501,0.12787214
21239,0.27165207
18442,0.13008657
4560,0.08418794
4169,0.34999445
1540,0.069549225
5280,0.094412126
18374,0.18177305
27684,0.2803598
29067,0.054394905
22705,0.21945156
26941,0.18965453
9117,0.056401744
9436,0.20863345
12997,0.10426754
6910,0.23619753
13589,0.12426805
31221,0.14399695
14625,0.53766394
21783,0.13386902
13330,0.1114226
6552,0.20168658
32396,0.091467775
31899,0.11878454
18185,0.06859778
29081,0.030244362
13984,0.096233994
14395,0.16070686
19591,0.048822362
29995,0.12803002
32088,0.10655964
26075,0.060761526
33202,0.026100885
20380,0.3280671
16423,0.090695895
10331,0.034052055
498,0.042467955
32059,0.06924306
19298,0.06173992
7804,0.067785606
25498,0.129862
26278,0.15787609
10681,0.082224146
15700,0.08409729
8748,0.05283545
16680,0.20180504
8390,0.09915861
23719,0.4014747
5529,0.06269306
23669,0.068434626
23456,0.047845345
1046,0.10203923
16763,0.0696204
15285,0.028596995
8566,0.03714596
9243,0.16400146
548,0.1336591
23255,0.11902818
9927,0.10374674
16212,0.23668818
2349,0.03650943
27576,0.09760192
31367,0.20187837
20057,0.02967222
25614,0.23897202
23309,0.06765277
10432,0.09888725
5968,0.08827509
25982,0.27561486
4399,0.08773562
5693,0.033621654
15927,0.027292505
10571,0.10420269
21226,0.07921369
9887,0.10015636
13187,0.06834136
28351,0.19807161
18200,0.04285828
1049,0.12386516
33116,0.045311276
23469,0.06200863
16633,0.087209366
7678,0.085824154
24720,0.021603411
5969,0.016994843
32961,0.21639101
13757,0.053320218
4623,0.10946288
2803,0.13597314
21143,0.25262746
25084,0.06475924
4600,0.084565155
31713,0.2065493
32516,0.48690173
3671,0.121443816
9593,0.13110988
10656,0.30716828
19722,0.08234389
25720,0.10489146
1110,0.093436666
2151,0.07010742
4325,0.17732632
1031,0.07566981
28445,0.26878366
12880,0.017066173
11895,0.033337317
8448,0.22682174
33215,0.15473267
18434,0.18608049
30987,0.054819938
29278,0.09877293
32684,0.40260017
16908,0.051431596
7206,0.13207315
5408,0.24781936
21277,0.21658291
14039,0.13592112
10552,0.30420738
6975,0.13480672
12851,0.026193807
20278,0.068104155
4110,0.15837108
3161,0.07821357
9356,0.15964375
10414,0.040741276
25121,0.14311336
1178,0.053263325
1979,0.24236652
25912,0.2765637
29195,0.054385193
15674,0.3128168
4588,0.36462283
12836,0.08768516
4643,0.09050898
32185,0.27770877
25806,0.17365018
32531,0.06163658
21339,0.11787784
14050,0.851519
7096,0.034391366
19403,0.46509537
20513,0.10200026
24848,0.41630346
10590,0.07065148
30531,0.041329037
19906,0.11074825
15223,0.05929765
15842,0.061936587
19204,0.45646366
26495,0.04887563
33288,0.14572687
4079,0.11377073
1390,0.12608367
18990,0.23602107
31201,0.07358244
19103,0.046533026
15306,0.22682144
25904,0.0556176
5246,0.32680446
1208,0.102481365
23418,0.03820531
26683,0.05313658
13867,0.11656774
26910,0.27686113
15346,0.1768968
16732,0.03691721
17496,0.11355646
10426,0.08089316
14117,0.120857574
17960,0.040854976
27883,0.23739293
712,0.22088788
14575,0.08451555
30915,0.12113374
24292,0.04386456
16219,0.29457444
5839,0.055809807
14318,0.17572252
27078,0.1580767
17094,0.048575077
15865,0.07141305
7884,0.058014948
20001,0.11750992
21038,0.054400865
29211,0.126168
18299,0.29377666
18669,0.20755649
18622,0.04168516
23269,0.26052305
472,0.016685776
31841,0.21443693
31813,0.30431727
8873,0.033953123
6984,0.24236642
21801,0.027842958
9201,0.18462901
10080,0.07525529
11861,0.05733862
9063,0.48504236
23211,0.050861802
1114,0.14708428
23679,0.17361775
25764,0.046607677
19559,0.19411467
26606,0.08470063
16594,0.07808671
13128,0.28251496
6751,0.2610667
19725,0.175673
9936,0.075149454
7071,0.09446143
17683,0.09653129
20148,0.05085915
19894,0.26576298
23272,0.07779261
6486,0.043541603
18012,0.18002892
14588,0.026026992
27650,0.013813009
33027,0.01916976
22630,0.059124935
5649,0.0753906
25001,0.08988231
5670,0.12137832
26866,0.022085153
3197,0.06289796
21439,0.08785932
15551,0.12619308
25894,0.26268312
13935,0.22626822
19739,0.088279255
30264,0.11465114
10589,0.04399087
12576,0.0819991
25476,0.13370858
33007,0.03607915
20224,0.061725035
26931,0.043256145
8986,0.19671011
3313,0.058067285
32018,0.11424156
25807,0.056946546
27965,0.07358912
24638,0.09098759
14267,0.051811393
19606,0.34607607
7200,0.0684037
16225,0.11087468
14645,0.081325874
22400,0.35818732
17574,0.11968441
23416,0.060744166
29468,0.18847379
7817,0.04294134
19227,0.12802067
10979,0.063024424
8125,0.14409903
15627,0.06030306
22554,0.2480855
12239,0.11695259
14589,0.06404268
11902,0.16887051
23118,0.15310189
2366,0.09302459
11105,0.06952262
30666,0.068545304
32106,0.19636315
2411,0.080213465
27388,0.14798608
25984,0.06482289
18782,0.124942996
30087,0.27420548
23857,0.2806644
23855,0.18410327
20551,0.10263892
21380,0.068730086
3446,0.09710946
7825,0.15006708
466,0.11707926
11219,0.21959831
15443,0.046817478
11532,0.0967079
6129,0.027776398
20082,0.05032348
20849,0.14276174
3803,0.06858122
18372,0.05449206
26169,0.2803963
31646,0.10745861
6458,0.1628313
10501,0.36772203
3469,0.115218006
128,0.121750906
17065,0.025340367
14035,0.30929482
33073,0.008303625
22574,0.100484714
4788,0.046536263
20612,0.22035764
14933,0.07417454
6989,0.040527962
8919,0.015457179
30883,0.057496276
30114,0.089107424
5684,0.14762987
5964,0.073435456
30119,0.2388287
23057,0.048638716
15965,0.10785516
31268,0.14552863
18718,0.41200906
25138,0.10947718
18785,0.12628205
6166,0.08682787
23249,0.09654369
15658,0.06620756
10275,0.09729669
881,0.16974981
27887,0.19443043
30969,0.095983274
20497,0.14684366
20718,0.053548455
650,0.0785052
1677,0.039974373
2509,0.051169705
24380,0.07257052
5232,0.1603375
1193,0.04045834
4286,0.041010164
26515,0.20008329
12742,0.020959005
12470,0.12022026
27173,0.15321842
1570,0.29277238
21821,0.029424172
32492,0.22453457
10024,0.13748865
1196,0.15934686
22296,0.05753654
21578,0.09416808
3323,0.10374779
5616,0.18045293
13708,0.14667144
2201,0.03965103
31849,0.01612914
9410,0.032019246
11831,0.18212518
23918,0.06504704
27141,0.030396122
13511,0.090158045
13074,0.12502414
6284,0.13340849
6566,0.038688887
8257,0.020116761
2038,0.056443464
12677,0.028510507
10655,0.13497816
4938,0.08701934
24553,0.098706745
10628,0.042914335
33165,0.035759397
17769,0.04096684
32289,0.0872972
2550,0.037449706
23876,0.09176465
31281,0.20690988
4856,0.40627927
3097,0.048532356
19138,0.102078244
10274,0.20573609
30254,0.067569494
1825,0.13217273
17837,0.13653828
19247,0.12849824
31620,0.07368987
32576,0.07202588
3883,0.052106388
7214,0.010412563
2451,0.42589557
18710,0.05728639
14987,0.020288656
11456,0.036359813
21501,0.40020373
16495,0.05307714
20631,0.38821924
18346,0.392161
14764,0.031655237
22506,0.1648077
31355,0.045513906
23773,0.10303708
6860,0.43076208
26703,0.020621296
15120,0.09490294
32881,0.15958704
31639,0.15030085
30983,0.031689048
9648,0.07659119
28189,0.05647331
539,0.049582787
30503,0.12976356
10630,0.042113584
13107,0.05945596
9844,0.08848016
8684,0.08744803
22826,0.03431246
1451,0.06873259
30273,0.21659587
26995,0.035168063
31198,0.024871826
18351,0.31735688
19024,0.1519221
16074,0.25478262
23884,0.06599953
1556,0.09871169
15136,0.10568043
12555,0.036119394
19418,0.16141176
13230,0.25764725
19245,0.0438546
15636,0.09836416
30674,0.12977761
30779,0.09721227
10245,0.059445404
525,0.033943348
19907,0.04388152
15901,0.09717207
4703,0.0838291
16252,0.17769977
16867,0.06864404
6991,0.056678705
26548,0.03863469
31037,0.19326755
429,0.20458485
30775,0.06637307
17561,0.22517705
31648,0.15395539
16293,0.05259825
7360,0.056608714
16129,0.3421691
18377,0.13329774
24810,0.35469508
30982,0.04500509
26037,0.13724574
18540,0.033849128
15789,0.10657649
8602,0.08997312
10100,0.056445107
21133,0.075823925
25647,0.12719876
18615,0.06521891
23747,0.303017
32525,0.046917275
11082,0.050625198
11958,0.0367341
30150,0.072073944
3660,0.09490081
9970,0.08966238
5772,0.08738335
23808,0.043057475
31944,0.06654613
28126,0.03279148
5387,0.12136263
17169,0.09983746
21961,0.21447498
28495,0.14401677
29236,0.07960822
29732,0.28478506
12052,0.13759619
26368,0.025085596
9595,0.25769064
30101,0.06884516
30341,0.23604631
8733,0.029144501
29105,0.041383818
24959,0.11926456
10073,0.3594668
25924,0.052177794
31501,0.08982205
32648,0.045470577
2362,0.03680259
12567,0.37249723
3335,0.1503205
10016,0.068844505
25170,0.28325865
16568,0.03412558
19390,0.018936351
26066,0.059572257
18443,0.37582567
22063,0.026960824
14952,0.08456932
32375,0.023420021
28960,0.09710962
9871,0.13052645
5353,0.16343291
33233,0.04178191
21370,0.01739788
25858,0.13155426
22903,0.1535363
11277,0.16973574
15364,0.32894555
27717,0.09719285
14406,0.16036627
20050,0.019889764
12612,0.12614213
2650,0.08505634
10631,0.118656054
9506,0.05533288
31162,0.027354151
13011,0.20125653
16920,0.10794575
30474,0.05699699
23873,0.33638874
24312,0.32956702
26798,0.019086698
32896,0.14402911
26841,0.11954321
21524,0.3332036
2797,0.040232096
6569,0.52117014
9673,0.11268734
1488,0.1364378
2570,0.106458135
16369,0.14361277
14340,0.0663529
15766,0.27266744
28230,0.05874969
15180,0.025536822
28632,0.08367095
13055,0.33073625
27814,0.109927006
13446,0.12419279
21431,0.16153246
5751,0.049548183
4285,0.025954217
26142,0.06580393
11598,0.08706477
29929,0.079420745
13472,0.03891762
11032,0.11926567
13292,0.3122047
17048,0.31712276
17373,0.07136794
29205,0.16989358
14202,0.14080375
16775,0.08937451
4559,0.09606388
32457,0.070787
7324,0.033818692
29691,0.072716326
24965,0.22306615
6519,0.030342167
2553,0.14101121
19461,0.0650743
29323,0.036121197
2863,0.026786052
23307,0.033303026
15975,0.07269858
29655,0.10176032
26107,0.23652332
2067,0.012384847
8387,0.039932806
32580,0.030589852
32871,0.05202338
25668,0.015355526
5661,0.15322159
25653,0.05746573
17622,0.25452802
21974,0.10174858
30285,0.0736007
3425,0.07171369
2297,0.049181737
7265,0.14836869
20345,0.01773708
29740,0.057725437
5524,0.045447547
26045,0.08964306
20393,0.23516916
12233,0.018497406
11579,0.035717107
14964,0.0670988
16196,0.0988966
10835,0.15622912
15212,0.12766813
9781,0.07318472
6917,0.17341743
20363,0.12028507
6911,0.10809769
7161,0.025824318
21707,0.029488727
7063,0.092612594
29245,0.13302848
16753,0.098230645
9597,0.17294091
9353,0.04879014
29877,0.05773116
15961,0.04792969
29374,0.034552615
22750,0.22899157
7077,0.08911891
14415,0.22643536
10095,0.0913673
14118,0.098837554
17488,0.17812473
31305,0.111359954
3326,0.13805455
32437,0.09350069
232,0.04912953
24864,0.12997858
9831,0.05919984
28098,0.106292956
15554,0.17250003
21252,0.12597886
28859,0.17179658
21508,0.25275925
3076,0.10148346
12777,0.07676352
28575,0.02060803
19651,0.1442553
8192,0.036773883
2536,0.08053518
3373,0.08694058
3933,0.040895183
5459,0.055978402
13500,0.21434334
5398,0.2774047
3843,0.03407812
25406,0.087184235
7875,0.030875953
15135,0.071013816
16100,0.12991701
10818,0.012393983
3195,0.056058865
27880,0.23677458
19899,0.30974674
11089,0.051355254
14849,0.059434757
26078,0.05466974
5391,0.26088616
7745,0.036414377
17572,0.19005224
13698,0.19020233
61,0.10820269
13601,0.15391229
22674,0.08780451
15665,0.051177714
9746,0.04805962
18982,0.032085836
23576,0.09176032
7602,0.035843268
31365,0.15492542
21940,0.13986796
210,0.129677
2423,0.16143134
12533,0.11994692
7053,0.019808074
29801,0.2716656
29467,0.19856015
25048,0.32341388
9193,0.47906864
27186,0.116311416
1911,0.49618343
15219,0.07025682
10395,0.08100007
22934,0.08972668
22552,0.5727518
17281,0.19276817
32481,0.2731555
1716,0.022156673
31,0.40729252
5873,0.086547665
21375,0.32060063
22195,0.046155132
25006,0.1785647
13124,0.23834734
8425,0.08646948
3969,0.09070934
6180,0.064839974
9351,0.16427346
24496,0.24717972
19003,0.062928885
2907,0.31143105
11605,0.06814053
17243,0.1716034
15561,0.09940149
3516,0.057312325
25734,0.14810728
9289,0.20170213
21312,0.08385038
28957,0.03155724
5186,0.024321012
22178,0.08013047
16420,0.04887806
14865,0.08732526
3784,0.04269881
32577,0.08030006
10293,0.28197452
16004,0.028333254
31400,0.2828998
31052,0.23520431
741,0.03089056
33053,0.33827347
14471,0.08948918
16772,0.10406292
22255,0.20951943
2826,0.067862704
10881,0.099767484
28668,0.28119284
13952,0.21528856
24886,0.3092657
32810,0.22385667
23271,0.04104688
12928,0.05151434
10029,0.054749753
8465,0.13418917
16043,0.09596985
14451,0.17353433
5015,0.148013
17894,0.054288935
21314,0.11327382
24498,0.5311289
8648,0.108747184
11610,0.17942071
33178,0.037788626
11781,0.107269324
26350,0.086545385
16637,0.21445568
15905,0.051514816
20591,0.046707936
24514,0.07597498
17314,0.077928506
2597,0.25038508
31540,0.15514368
29104,0.06037758
6405,0.16061524
2962,0.14254881
3439,0.13735397
10437,0.07437021
21913,0.19558147
17771,0.43390256
5753,0.133868
24618,0.093565255
1150,0.07347214
8250,0.057782385
2522,0.027191235
18683,0.3511852
2519,0.10171592
32442,0.1577402
12769,0.10239826
26256,0.093211554
29116,0.13246962
22102,0.15897721
8938,0.13368808
24158,0.5557687
26575,0.17251338
1050,0.49390936
9999,0.23739985
30837,0.21091157
31272,0.29104817
22294,0.11167484
30947,0.024181582
9068,0.087937996
253,0.04146104
23804,0.10554693
14855,0.14605229
5504,0.14208233
29027,0.14104097
6740,0.06851199
27180,0.079225175
26795,0.13667956
16890,0.284703
10644,0.2823675
6523,0.12006973
15361,0.19925806
14189,0.027131384
12041,0.11255468
24482,0.23970819
3260,0.04843019
7814,0.24931571
21606,0.14810763
25739,0.16867763
15470,0.15598561
4488,0.027876271
15182,0.051605523
5888,0.09398411
16364,0.15896787
10649,0.5310241
32097,0.22857462
11464,0.31198847
20151,0.046100423
20805,0.11008078
25253,0.054267824
26070,0.1224002
32235,0.07525738
7591,0.06014238
12922,0.16710769
23110,0.12795183
11297,0.013908042
7904,0.057984497
24358,0.025674792
3286,0.063263156
32376,0.3387559
25050,0.08716407
27652,0.052886713
18551,0.0648878
2864,0.13614932
29914,0.085597746
19676,0.20472403
12510,0.21514992
1828,0.23562971
22754,0.08777765
184,0.19526766
21826,0.04949451
22269,0.100798905
7442,0.055074356
2699,0.13274941
30617,0.06868989
30397,0.13575698
9868,0.040494256
27969,0.051382694
8105,0.13245547
16756,0.046047695
18252,0.31986392
6573,0.118775606
25902,0.023655562
6344,0.07641654
21054,0.07321004
10040,0.08334552
17718,0.21894716
27484,0.03509448
1453,0.053860664
18618,0.07795322
29922,0.03608001
14946,0.06383839
22694,0.02768198
6089,0.064049765
29241,0.029474232
3090,0.027018344
12395,0.034726042
3544,0.19506744
9994,0.07187747
12330,0.19680443
17835,0.14780651
24183,0.11303179
14891,0.040151086
22941,0.07493675
31666,0.09419053
22939,0.037470765
31917,0.24618304
31655,0.09518486
11678,0.06866674
14440,0.12782113
17537,0.23589322
2508,0.04988907
14046,0.081804864
19135,0.31950784
6729,0.2618181
21592,0.1456499
31149,0.06252543
5129,0.19345038
23444,0.22047426
20173,0.1191912
18811,0.21884738
20883,0.018690646
25312,0.18284756
11984,0.038670707
16467,0.058957096
22343,0.12352901
31975,0.059906825
145,0.06938608
20091,0.04030797
18793,0.11350424
28054,0.15657692
12306,0.31543267
22985,0.0534374
19857,0.033210322
27083,0.14716747
21442,0.12420328
12885,0.18360414
30692,0.4165587
20525,0.2540223
17503,0.061104547
31588,0.1613174
244,0.079060994
7521,0.21227412
30410,0.07139849
26446,0.6206026
3122,0.07153452
9013,0.07521027
8350,0.09252184
23672,0.1289548
17306,0.44868273
14699,0.09038652
10473,0.6712327
27615,0.019076135
29396,0.052633196
3908,0.033626355
28890,0.0902063
24472,0.08097183
28546,0.34241328
29962,0.040255144
21572,0.03935018
26892,0.13041022
33200,0.11961541
8832,0.17861806
16996,0.035494614
31738,0.0231425
19242,0.05194716
5415,0.13368984
27420,0.19992068
33371,0.09813734
22273,0.05191731
21103,0.017955603
10433,0.06734158
28099,0.04681364
21853,0.15162167
21027,0.13730942
32873,0.2804663
27776,0.09953246
33151,0.14177825
16240,0.27285987
15391,0.2674433
26353,0.13963574
774,0.06062299
17795,0.007917652
22640,0.30600074
23503,0.04828707
3138,0.063153766
21266,0.24381316
18671,0.01624114
31063,0.19915247
20512,0.37542516
1440,0.021162946
3205,0.28034043
5285,0.08378427
12127,0.20173198
21509,0.41573143
10851,0.24340442
30697,0.07133859
30208,0.10620867
32424,0.019089071
13982,0.026825273
1976,0.17161283
11400,0.07596589
2437,0.034726
5699,0.17018361
21666,0.042486235
21561,0.30812111
18032,0.08701692
20366,0.3213478
28614,0.34294528
9018,0.19763507
18298,0.11838586
25749,0.19895422
22088,0.36407247
27354,0.38592914
30659,0.43431705
18681,0.11072515
6643,0.020195654
25637,0.14694366
28626,0.20265132
28069,0.10839178
7462,0.06605428
5754,0.27145016
30162,0.09776956
26609,0.2412227
15105,0.02263673
1332,0.24897934
12114,0.043178212
15691,0.051465534
3231,0.04274173
28827,0.030289736
15797,0.10415869
15194,0.063772775
13762,0.1206947
2215,0.06167788
12388,0.04768889
21675,0.08062604
7966,0.5273573
15546,0.19415826
6303,0.05097171
7518,0.031668145
15489,0.26632565
5903,0.18356936
17282,0.13006175
5162,0.03614579
1237,0.044487443
13352,0.19387692
26042,0.08661848
21359,0.016110105
17109,0.21596937
32725,0.032441217
2532,0.03546218
8529,0.12478484
26882,0.056953203
23616,0.05475914
31055,0.22666104
15024,0.084618084
7030,0.22876549
22569,0.013788962
5082,0.09362609
27336,0.058950428
24041,0.19971186
27465,0.066212185
31336,0.024139222
9849,0.08734552
18107,0.06433133
31759,0.08488565
23030,0.09982624
27007,0.15931363
17751,0.16450983
28910,0.043722034
14241,0.067150645
18917,0.06196909
31827,0.058526266
14585,0.20586471
8260,0.116062686
32875,0.10638429
13602,0.055306718
30443,0.105177574
18602,0.15290962
19801,0.082126774
2631,0.04907319
19607,0.055505075
19487,0.27558863
26962,0.254886
2379,0.06639515
12339,0.1364378
27093,0.13011388
1962,0.04541155
8700,0.06351701
16821,0.14225851
11795,0.059965257
30056,0.12846775
18574,0.04513854
14619,0.07588277
19100,0.24181205
5935,0.063870914
13334,0.19023404
22805,0.04167088
30550,0.1696244
12072,0.13009702
12345,0.14237456
18631,0.2430896
22106,0.10672211
13853,0.1120917
10823,0.058051262
25414,0.09727389
18341,0.090788275
27531,0.019330695
12789,0.056741815
32076,0.15335351
14122,0.04683707
10621,0.048247106
27542,0.18104792
19706,0.21968038
6319,0.119432196
13907,0.20629585
25983,0.06025371
13156,0.03776514
9478,0.023429494
9546,0.06904032
10463,0.08217903
30316,0.35310656
4322,0.18776776
28856,0.26585287
29637,0.016541755
3620,0.10754159
21922,0.0111673
19436,0.29454064
12978,0.06712633
11272,0.04127117
25074,0.11037776
31426,0.19506744
3511,0.097697936
1239,0.075986095
2913,0.293978
426,0.079036064
5654,0.047568783
28085,0.037466243
15904,0.034997255
12,0.075728215
18535,0.060329948
9048,0.40241015
10082,0.07516704
23964,0.15975301
24232,0.3062759
8806,0.07789016
3054,0.19580519
3528,0.063212685
24350,0.11762035
17570,0.07800056
6859,0.08396177
3710,0.10485492
17900,0.13686779
19200,0.104684696
8418,0.0834065
19428,0.056308348
12609,0.17254946
6249,0.06629549
22229,0.06300161
5411,0.025846599
28710,0.16874331
5110,0.056504864
22265,0.082590856
19673,0.07117906
32198,0.26034686
20691,0.2863599
10431,0.052747924
5192,0.12471966
12305,0.20368065
1478,0.21256033
24213,0.013789637
27517,0.06765766
3713,0.03656015
18544,0.12015887
30660,0.15223446
25948,0.07792409
13307,0.06242319
13416,0.076950215
14226,0.014115272
28609,0.067548804
3547,0.09615539
19924,0.29893884
12860,0.16406056
15781,0.08578367
15461,0.07360381
12188,0.2273751
16936,0.032629382
27464,0.121505946
11726,0.08275348
1051,0.20005858
22759,0.13765933
398,0.041587368
12750,0.0864832
2420,0.016116895
9078,0.2846443
32633,0.027240423
24184,0.10332214
20069,0.02408301
5541,0.18371736
4613,0.07074421
3358,0.04642574
26580,0.106639296
29772,0.10781633
26909,0.0835996
5293,0.23057778
21817,0.117613934
20492,0.10115385
17395,0.26674923
2378,0.122919686
21737,0.059169468
21827,0.0987779
10284,0.07229916
1144,0.16905056
18030,0.031586435
26939,0.035232484
360,0.095514424
13945,0.105494015
3598,0.035381515
6520,0.1284706
25895,0.02994086
303,0.0965345
30018,0.08644115
22837,0.07252855
7028,0.18970765
1045,0.069772035
1271,0.025908206
20427,0.11932738
1032,0.04611884
5202,0.26187184
5453,0.08955033
11124,0.052882917
11564,0.10525717
21315,0.25153914
17134,0.010381948
11606,0.07725303
835,0.035526462
11426,0.17847456
20951,0.055387605
24838,0.21607906
18393,0.08469773
10496,0.03683477
3859,0.19564582
18611,0.17666554
16441,0.09962144
22947,0.023862641
22873,0.049623925
27815,0.06514918
14209,0.32801652
1764,0.023621026
21424,0.27159995
20822,0.070397064
14750,0.08058099
16607,0.046642143
15299,0.24410367
5619,0.08199735
9730,0.15643923
5814,0.1579929
15125,0.31528413
5547,0.0822041
10884,0.17596526
7000,0.091857634
26395,0.113230474
15536,0.11199037
20376,0.1687478
5585,0.091407016
14522,0.17720024
12671,0.14315295
23193,0.008673128
989,0.16397773
23122,0.06768216
16451,0.17842971
29626,0.15484539
4750,0.02929163
16839,0.03575191
7952,0.18289876
20579,0.0633891
5664,0.008571186
7395,0.10538286
27041,0.0759534
25316,0.107857436
15282,0.1610361
22123,0.13455771
6784,0.043335356
23045,0.36571723
30095,0.14488192
2551,0.049866956
28348,0.075542875
10325,0.057667565
16499,0.16324157
25604,0.33436498
4542,0.027793573
25104,0.015800258
8515,0.022492336
27286,0.08060918
8330,0.08323824
28700,0.19131577
18057,0.055538747
20964,0.049110934
96,0.110773936
5173,0.052608173
9591,0.07034503
17700,0.042201452
26150,0.0780044
14360,0.17744109
29501,0.067746066
11837,0.054694485
26481,0.07265566
23090,0.12311558
12077,0.13968746
6798,0.10371886
5062,0.085732415
12205,0.08882309
19592,0.2735265
2116,0.033213384
1033,0.12960231
6341,0.031892333
19922,0.052379742
32335,0.097441025
21504,0.04403294
18524,0.058990635
10804,0.059827458
16959,0.1133284
11479,0.17650233
25024,0.048462406
15413,0.1706881
26462,0.07761689
8505,0.29309818
12307,0.06526507
31326,0.07806837
7069,0.11538363
4120,0.14088282
24923,0.092096634
14898,0.13143437
13176,0.022178028
27062,0.11665054
17291,0.063340046
27998,0.051091798
20647,0.11456071
11132,0.19537662
1620,0.13739714
20186,0.19235003
2143,0.13647616
30750,0.07091563
6563,0.09136639
354,0.047102783
22096,0.072847515
7165,0.34043056
29683,0.06219976
25656,0.11517438
33320,0.17363033
17132,0.19533059
4752,0.06724753
3530,0.057526644
12046,0.119168684
17384,0.07065752
21731,0.078919835
24088,0.07044193
17469,0.31853566
4137,0.10776696
5925,0.23932901
11609,0.1947032
31244,0.080034554
8468,0.09873791
6890,0.07225456
7808,0.108058274
15702,0.19623777
12409,0.1317675
23560,0.09722429
23492,0.26344988
3381,0.067957394
3911,0.17600241
19703,0.088301115
13096,0.15183716
25800,0.48052767
9893,0.18584815
15540,0.044535708
12549,0.26872852
27735,0.047019433
12974,0.464307
6630,0.088635944
22557,0.028115042
7708,0.14712344
28247,0.06973047
17712,0.024432357
19151,0.17700101
16830,0.13181475
15565,0.015991714
18187,0.073784694
28065,0.059963364
25860,0.119869426
4312,0.5170228
15992,0.083536275
21368,0.554573
11602,0.15064536
5329,0.046725266
19797,0.24600294
27060,0.09656004
27033,0.078992695
24945,0.041755036
30263,0.01694874
26252,0.036873803
31458,0.07833469
22409,0.0663349
22838,0.11126006
572,0.11940622
29611,0.11963706
9261,0.2905874
5681,0.08550736
25821,0.094639026
31144,0.0831527
33100,0.012387068
2811,0.034918204
2611,0.16931236
16702,0.03994091
8009,0.0139231095
27942,0.08765761
15414,0.05159223
16971,0.2774341
23631,0.013983868
7327,0.19210008
8154,0.04784357
5762,0.061956912
13440,0.06469567
28263,0.21770212
4018,0.10110253
28999,0.05024802
4669,0.3866862
23527,0.10731817
17193,0.43278056
20407,0.15551642
7837,0.15336908
2097,0.102503195
5910,0.16350506
13199,0.17501752
8646,0.2550747
6144,0.046154205
5350,0.077820204
29140,0.17823526
18792,0.011328126
25761,0.064491436
17540,0.14732401
6538,0.07651469
5665,0.039515335
8050,0.037311796
6193,0.1059425
7639,0.048519574
28663,0.11725605
11310,0.41361457
20031,0.08879514
2155,0.036774363
8143,0.24567914
20299,0.21161908
9604,0.205926
8284,0.051226117
17382,0.16353068
7809,0.10079864
7448,0.008986401
16239,0.03199981
18573,0.05673765
13370,0.05163504
4426,0.07293681
26366,0.185169
30889,0.10970824
15359,0.45120668
3006,0.054637846
30332,0.19227903
28437,0.27438697
15469,0.081719846
21491,0.026788352
1042,0.07041513
27769,0.5431893
20507,0.30871418
1399,0.17855528
24297,0.0696491
29804,0.17757784
18342,0.50273085
23658,0.62120515
19847,0.19443962
1537,0.15566894
30791,0.044038117
33295,0.0695224
24240,0.4713827
32861,0.058243673
17560,0.18646988
784,0.17836605
6692,0.028398432
20331,0.05222703
7373,0.07686655
27654,0.11801048
19805,0.1123388
16526,0.04356058
23319,0.30218345
23718,0.44962445
21907,0.024942268
33182,0.024645103
13208,0.081700705
11817,0.1418271
8990,0.42505205
19954,0.08432177
21250,0.17193621
31996,0.2858523
11463,0.117926195
15485,0.049539775
11041,0.07894755
21126,0.115610816
9163,0.24459313
9864,0.10599893
9521,0.07464299
13097,0.07168656
685,0.0328789
1352,0.023501147
15440,0.15696035
23997,0.051082034
19199,0.17114584
11133,0.04772599
7614,0.11509548
9922,0.065960646
29048,0.35656187
19410,0.54982007
22116,0.39779547
19144,0.12823808
11582,0.05544451
20771,0.063046284
10413,0.2215511
11365,0.017579231
14339,0.213451
7823,0.27945808
7196,0.049507905
25386,0.11897374
16823,0.036352895
15780,0.23252146
9948,0.13661095
23671,0.093841925
524,0.063062266
26908,0.02600815
17461,0.13480125
9850,0.024248028
19754,0.08129819
1021,0.081502564
17438,0.02637803
17163,0.059167553
3793,0.09908081
19355,0.07210203
15962,0.30864602
21331,0.09839576
19186,0.12553816
26539,0.054906562
26055,0.23377807
22376,0.37903458
21534,0.06624247
4194,0.030885264
20633,0.068357304
520,0.055387605
10129,0.15510896
22571,0.091808155
18890,0.4057272
432,0.13549946
2915,0.13083415
19541,0.012477613
25773,0.08278684
9742,0.09172027
11145,0.14290653
18405,0.03563275
30958,0.10402287
3198,0.081438534
2322,0.027893053
32315,0.09131252
3711,0.016122535
32325,0.21622783
16651,0.0072396696
5952,0.18762198
20569,0.070340544
20794,0.03324809
10145,0.09990736
5871,0.03403276
1923,0.059037253
23434,0.1673659
23320,0.3505893
1053,0.18720472
21348,0.04391079
11960,0.19564298
30497,0.10247008
21870,0.047416847
28801,0.22073308
557,0.0674623
32225,0.08856302
31855,0.28950864
33303,0.048808653
21605,0.2101394
11627,0.057025556
17279,0.08978836
16765,0.10309936
25092,0.04045149
32987,0.1879
31278,0.064171806
3287,0.034949794
20352,0.08309042
5793,0.075217344
11152,0.065915346
18352,0.03652504
20126,0.07457501
17250,0.092546456
13682,0.07316278
23553,0.06451471
18699,0.16687855
8220,0.13218074
15166,0.062184844
30688,0.07639533
25590,0.15624835
3153,0.11964199
14139,0.03734644
25870,0.0944839
10955,0.061215088
1499,0.019491084
28638,0.5901379
3627,0.116725735
367,0.09633559
28928,0.114148535
16195,0.14721604
376,0.10994247
17309,0.041763306
22980,0.21415764
19136,0.078311354
9112,0.03232223
4491,0.023147766
21381,0.18954176
9755,0.35073018
19183,0.08795882
30773,0.013869262
12964,0.16205962
18242,0.15815161
12488,0.37449062
15511,0.028266963
2477,0.053872608
16355,0.18260568
12363,0.24665464
9554,0.06375391
23317,0.13376729
18273,0.22429442
17248,0.07303182
13290,0.19612257
14776,0.23670924
29371,0.027189568
11668,0.1317603
5720,0.25603744
20210,0.27151197
30968,0.007653986
3011,0.0062103113
18589,0.07783967
371,0.036424626
16654,0.15667753
12665,0.06034955
19655,0.16873188
31105,0.2535202
226,0.26380223
8286,0.09812796
17479,0.13121691
9719,0.03240507
28964,0.081515454
6757,0.030071
18661,0.2201577
18219,0.044076838
12168,0.1059788
7173,0.15276176
18118,0.0680033
13456,0.020379841
22017,0.09410091
5767,0.17701739
7625,0.12159226
27903,0.08783297
30219,0.04358253
16758,0.057899434
8981,0.101955555
2823,0.07749311
16835,0.12780224
14364,0.1061799
30185,0.036018968
18359,0.023913616
5477,0.09981893
22274,0.050459348
9375,0.10052136
25079,0.035680298
5199,0.037142377
12387,0.09200659
10046,0.06622687
15615,0.045289297
17179,0.13109145
16532,0.0396679
11972,0.18824051
26754,0.08270092
13105,0.12776391
1601,0.11757617
16277,0.1260482
22974,0.07228248
25596,0.13817836
12432,0.084027894
7879,0.043835472
22914,0.09612858
3233,0.089760676
26331,0.25641134
1329,0.07464453
16481,0.10994705
26467,0.059789415
26760,0.13941197
32075,0.19765517
25188,0.08203112
30504,0.074084096
23574,0.13873701
11121,0.058181535
5319,0.032683283
16282,0.109114416
18857,0.121301524
15185,0.074537374
6884,0.10621864
22509,0.22686008
3014,0.121191904
11104,0.030713806
3881,0.025858078
24190,0.092198774
20343,0.044004556
16632,0.10390947
2071,0.14693266
29959,0.06293095
16752,0.09597219
31472,0.14117457
25949,0.16666277
19145,0.16443914
17064,0.4347667
32417,0.14551249
29900,0.34152088
27571,0.113564305
27595,0.048155926
20921,0.07706793
9491,0.04906845
17457,0.097897254
6456,0.04522108
26271,0.012966011
29800,0.15082559
6671,0.06053354
6308,0.09297711
12515,0.071621865
30335,0.31500417
25480,0.46824315
203,0.48648033
28320,0.2567925
10790,0.09176396
1126,0.037977725
8201,0.07323227
25892,0.025747404
12960,0.15544015
3139,0.06318652
16703,0.18582763
29002,0.2456465
22748,0.056910027
15210,0.22683917
8752,0.16436361
28304,0.07432199
24513,0.12567922
32680,0.08639164
12670,0.28909838
6472,0.35479698
30021,0.12466349
24700,0.04527143
20967,0.011871526
24048,0.09175539
31292,0.06027977
24289,0.2881545
22050,0.10818511
12482,0.10536836
25344,0.030988757
23334,0.09309256
3858,0.34279132
26238,0.09823037
8564,0.27980244
15101,0.024498109
19985,0.015329421
5825,0.08635229
25314,0.07785999
26296,0.041087966
31748,0.33966845
5478,0.041257083
5362,0.06798417
15538,0.022718545
13104,0.074727304
702,0.06844453
12033,0.030210879
9596,0.06647969
28853,0.27352086
26082,0.057898853
31169,0.114168026
17363,0.13870004
7311,0.06472889
21917,0.10863297
18071,0.13092212
28497,0.23846778
18604,0.18367253
23441,0.22837444
31776,0.16548476
5559,0.06903056
19916,0.0155916
7275,0.271096
11625,0.05695452
8485,0.16232763
30073,0.083291814
16484,0.11018282
22007,0.08136474
11953,0.06172992
4311,0.054686107
8057,0.040844735
4869,0.03568262
23022,0.04440831
1041,0.07268448
24786,0.30702543
2870,0.05953088
15340,0.08075451
32068,0.017870778
30360,0.18432443
26221,0.07568045
30215,0.22193977
25876,0.06440189
20495,0.11592421
15695,0.055180714
6687,0.0099706035
22929,0.11170951
6349,0.30720657
25294,0.0622365
5363,0.18021187
14917,0.08054146
10831,0.2184923
21268,0.037983093
8398,0.075455874
11983,0.08708951
13524,0.0959934
19719,0.24649099
454,0.027688371
25041,0.20409189
10345,0.24758504
8997,0.10993678
22758,0.08495398
18650,0.23156866
16664,0.08860814
7487,0.054686077
33239,0.47532898
5788,0.052040458
13879,0.27166182
26886,0.2487308
9455,0.09002629
29803,0.11475691
13979,0.06730058
8089,0.11452337
15892,0.209726
23886,0.46163106
19681,0.12009539
25812,0.16830593
3228,0.158117
4508,0.18711859
1220,0.12035372
11038,0.19202372
10652,0.035169028
24067,0.06529186
24446,0.14864577
11036,0.08543196
14090,0.02584268
19337,0.17544271
27558,0.14777942
20096,0.06859392
30345,0.106800914
20567,0.10282932
25517,0.1135134
29238,0.057619695
11010,0.30429026
18090,0.07689344
17478,0.22515942
20435,0.018612437
19814,0.058191203
6894,0.05591852
6377,0.08142997
25133,0.073657595
9367,0.2664757
19349,0.07882238
24595,0.16827817
2859,0.08799436
6549,0.18283498
15628,0.03559677
22848,0.042375665
20954,0.20638879
17308,0.062881656
11018,0.15922728
28391,0.11443828
24467,0.029090205
14656,0.2325245
23792,0.06821586
33263,0.10921706
2896,0.05268341
32230,0.2765059
26982,0.06400527
3243,0.05935666
16542,0.08659104
7141,0.069376
21423,0.1478837
10991,0.21223068
25230,0.123425774
23992,0.1272506
8316,0.059926517
32137,0.12480522
18518,0.09798874
25252,0.089856744
25575,0.13410014
4261,0.3108852
1125,0.16247472
27822,0.10376007
31300,0.04667766
11071,0.08635451
14462,0.13490905
28543,0.1703007
1132,0.2513608
6140,0.099125735
19811,0.025168
6598,0.342393
2049,0.103697054
29563,0.112304606
11489,0.04608909
19968,0.11830743
21644,0.07491482
22824,0.115757234
266,0.1350051
26,0.21919206
21461,0.056673136
6411,0.027012402
9161,0.07626207
32719,0.041448895
31175,0.027513826
18677,0.15430872
10011,0.08245511
26071,0.07290773
26302,0.1648024
31177,0.036206484
22091,0.17098343
6216,0.10250541
22069,0.045202646
10329,0.42475364
18089,0.4573939
21371,0.1758675
19588,0.24460131
16312,0.076953925
2790,0.34553868
12019,0.12639205
1808,0.20313938
29739,0.05403211
11890,0.08535548
32541,0.054652944
10322,0.22678116
8511,0.17310797
13838,0.08173305
17350,0.092593506
19770,0.40752766
27920,0.062863134
30751,0.19514072
16097,0.05079369
18419,0.08944699
22714,0.06858996
11806,0.06380026
30525,0.06373501
13579,0.21610935
19295,0.12028918
20750,0.030125411
27924,0.07764397
32916,0.16049737
10503,0.093123704
4476,0.26581836
4408,0.179101
6151,0.15714875
22854,0.07220629
4847,0.05606839
3229,0.120698385
10632,0.027881615
1095,0.20082518
12139,0.016828954
19265,0.12970667
27359,0.16775875
12261,0.20091629
21588,0.13899486
16089,0.078564
28032,0.06503688
27846,0.10165063
6841,0.03944041
14940,0.14753316
23833,0.29047877
25180,0.015681708
9667,0.20095947
30489,0.0395314
11916,0.07003079
3860,0.08057449
25981,0.03194026
29284,0.053319313
11025,0.051622394
19162,0.06923436
11149,0.30010626
24685,0.05961892
16096,0.16228488
10079,0.02397256
12944,0.059133526
6366,0.12579344
20383,0.0714636
12793,0.1258702
27136,0.09787205
8262,0.32660052
3850,0.29330954
18061,0.09905513
27142,0.046183173
2809,0.024972355
7339,0.05087556
22762,0.11050396
19553,0.31292632
5985,0.07073472
11835,0.079616986
15338,0.15672141
33064,0.29375893
28921,0.024274278
29598,0.27695543
17229,0.69087994
20314,0.08560103
13590,0.11341332
2090,0.06740994
14408,0.12630779
20070,0.055788893
7066,0.051885765
16621,0.085983105
10629,0.21542089
22226,0.10276704
20498,0.07153034
29109,0.03995346
3948,0.06694375
19220,0.096954666
27925,0.15566197
14248,0.048472103
13036,0.047393076
29382,0.24087907
26210,0.1944491
13117,0.1652741
17498,0.11410327
29498,0.22508161
27902,0.089769915
5123,0.047134403
22875,0.2591744
11070,0.05898907
19626,0.07976432
10940,0.05089897
6786,0.15252818
1141,0.078238726
8242,0.23338819
28287,0.15208036
11600,0.24304835
7011,0.2628958
9602,0.09648378
9933,0.07794103
18389,0.09205699
6908,0.035226975
32201,0.01469019
16601,0.033352487
26938,0.123061046
10281,0.187919
7993,0.1278139
9089,0.01631386
30175,0.09494009
27987,0.07580319
10748,0.021441067
17973,0.14043003
18950,0.06545547
23115,0.16737455
4074,0.23600343
24056,0.21906725
25583,0.10862978
2490,0.032422148
15464,0.15073535
3376,0.06492858
8901,0.03179758
28096,0.072205424
31445,0.054767482
27707,0.20797998
10256,0.025583874
12949,0.02263888
29068,0.0479933
18557,0.049824305
23223,0.09234243
29313,0.33504948
31247,0.15337296
7880,0.06908109
24178,0.054142028
28124,0.10746338
12484,0.04156245
21032,0.18478489
24108,0.0645193
1827,0.19190373
22188,0.06839752
30869,0.22082688
20102,0.056460302
4132,0.08113322
25851,0.03370367
32536,0.10911507
29843,0.281178
22174,0.03326265
30343,0.03330293
11423,0.05428387
33279,0.49977645
7094,0.097724505
10039,0.14247812
27446,0.107304715
11623,0.5573723
6881,0.21971174
30644,0.22920683
1497,0.08011719
22207,0.10360399
13665,0.11635052
22055,0.04442271
6177,0.18196598
27731,0.08685386
6686,0.17922667
20978,0.10588243
19197,0.16463926
32749,0.18721366
19779,0.11205539
19406,0.20873868
32816,0.23331937
32404,0.1861247
25107,0.118137255
8954,0.09716719
25202,0.48208904
3423,0.09379781
1174,0.039590746
22230,0.20074522
14376,0.23788284
29110,0.06657021
21475,0.09020942
27860,0.23750284
18682,0.14505571
28485,0.16484094
10857,0.36371204
14571,0.1399591
26792,0.08133511
28954,0.4735754
29095,0.14275427
12220,0.07717214
31471,0.054546997
3542,0.05777831
16319,0.2560964
23809,0.039890748
6172,0.10302159
8738,0.13450679
15337,0.11638906
1970,0.18285285
24325,0.106081694
24601,0.13137986
22224,0.16082431
17339,0.1425214
25028,0.17105049
3594,0.4279545
12192,0.1841712
31792,0.21538429
20913,0.0454352
21415,0.026293406
22948,0.2610388
4112,0.096783645
17175,0.108268134
13768,0.033328604
24304,0.045940306
27695,0.17459302
9862,0.07715509
3417,0.1909617
31590,0.043743048
12003,0.0025507086
522,0.1723337
32107,0.30868536
26318,0.17821562
6019,0.07789584
97,0.023525467
27835,0.26409152
28775,0.30124512
11087,0.03928481
25142,0.021432254
24501,0.066870116
19949,0.1038176
8641,0.07727885
20730,0.18424712
27098,0.026417155
3150,0.05133766
25214,0.087580435
10213,0.1059388
12223,0.04539547
4997,0.18725911
26330,0.30879816
5000,0.048311457
16829,0.17387879
18081,0.0390133
23200,0.054883756
10258,0.054621566
17192,0.17395954
19086,0.088094406
5691,0.27570158
17494,0.0071385023
4924,0.07189656
12979,0.05020677
5644,0.031101068
5757,0.016801229
32262,0.15715899
5274,0.16368386
4090,0.102494396
7706,0.4879079
23390,0.05465568
27737,0.065559514
19137,0.13697405
18558,0.1701854
5623,0.1493148
12528,0.04827672
966,0.0822206
28970,0.32592767
31081,0.16572386
18117,0.20558766
7458,0.07169712
31325,0.16248058
17985,0.1567006
30419,0.056493375
29253,0.10134328
25457,0.008011168
28332,0.12867029
10683,0.076120436
13065,0.20743339
25336,0.04748575
3131,0.037589908
29325,0.09175388
21232,0.11937876
15352,0.057664994
27302,0.30715993
16005,0.11664781
11196,0.097491466
6504,0.17854972
17608,0.053147186
20483,0.33145687
168,0.041617267
179,0.101976104
4123,0.13371429
8797,0.07298838
10927,0.18318164
16766,0.15294228
9085,0.1295913
7137,0.033268243
28475,0.07081155
6299,0.08376009
13920,0.029412145
7079,0.18829656
24989,0.056118052
3561,0.06965251
12667,0.08471346
28591,0.07266361
8874,0.06856133
21905,0.14287458
23970,0.1228914
12320,0.21730547
27646,0.067836456
6315,0.060032833
24330,0.051851947
1103,0.10155189
31296,0.082509845
6320,0.05343429
25980,0.07351676
13186,0.16475186
19474,0.47127324
22360,0.045999948
29347,0.20501605
4517,0.05272257
11533,0.02914299
29920,0.09508304
17831,0.14053668
23548,0.29390463
291,0.12513074
17377,0.11055503
5611,0.16160107
19624,0.073448874
28715,0.07237128
6217,0.012356893
3456,0.24213588
7844,0.194674
3649,0.07392075
16663,0.06522553
18426,0.14699207
29734,0.035701033
8202,0.1848027
19323,0.34283692
11118,0.044551842
3800,0.13626438
11230,0.16332573
24368,0.090197906
5523,0.12763809
6032,0.16052207
21656,0.039016314
16608,0.3126946
14760,0.09374114
1841,0.1608949
17286,0.064001575
9231,0.015317765
28143,0.07024961
5609,0.33383438
24704,0.08312022
31362,0.17274234
21715,0.04739957
15668,0.08169988
32471,0.095069304
23284,0.24459276
16918,0.118977286
22969,0.107092984
8462,0.15036021
16033,0.14204575
23824,0.02318637
17773,0.07754078
11086,0.061971836
33014,0.07721058
31894,0.30390885
30048,0.046256684
16175,0.03717986
24839,0.22475143
11836,0.055493232
3831,0.055143833
10215,0.111051664
23262,0.07420784
13418,0.03859082
22036,0.11994284
23332,0.14190103
7701,0.10298359
22187,0.11011838
18441,0.22212712
12824,0.061122548
17621,0.054063976
20665,0.060854044
19662,0.054996442
8263,0.013184264
28521,0.1069207
29665,0.086979784
14105,0.09317611
31694,0.18086599
30235,0.07136443
29828,0.07590175
26791,0.050376773
23375,0.19737811
17520,0.07977087
30437,0.16872409
2238,0.025690924
31530,0.091825515
292,0.11175606
13255,0.36683303
69,0.17891577
26447,0.24443257
23058,0.41539016
16618,0.014237931
16250,0.298902
4539,0.23207335
31704,0.07071246
27744,0.12165028
8838,0.08485214
8767,0.2801763
6044,0.17235379
23325,0.39831063
20097,0.2740888
26245,0.13705742
15683,0.18446557
7749,0.03216403
19951,0.03728582
24000,0.3058009
31460,0.067576654
25675,0.023192197
9304,0.09040361
30788,0.105854176
31295,0.15122847
30495,0.025864376
16039,0.06512701
29596,0.24505302
573,0.0880976
29731,0.1896948
21121,0.09848647
27275,0.22093825
17287,0.13773178
24915,0.08447852
9652,0.040264238
5341,0.11260775
1617,0.21660972
26946,0.014390895
11138,0.27025026
17385,0.085968584
32336,0.15807551
21555,0.03909982
5696,0.21826185
17042,0.24526425
27472,0.23967731
20237,0.15172936
31511,0.105437316
29047,0.08028489
10577,0.3708378
11786,0.009241439
4582,0.1435924
20959,0.021614425
21056,0.092213385
17185,0.27876237
16232,0.05158142
13474,0.24124764
22324,0.08481212
8327,0.057873186
2221,0.13648549
21904,0.15969218
31477,0.073023446
5180,0.10239787
5009,0.060865395
453,0.25264522
28888,0.30863544
94,0.017879585
29632,0.049617
30652,0.13696843
4418,0.1284706
14419,0.33482406
21614,0.038758628
2367,0.10953669
3670,0.10834481
27714,0.12943083
28277,0.03723761
13217,0.12057504
17655,0.21653108
20367,0.051948253
27596,0.09725078
13529,0.03883089
21289,0.67350864
27358,0.25191793
6952,0.1042554
7914,0.30215016
7967,0.041468963
23435,0.14688528
23222,0.13786168
21763,0.06875614
1442,0.052935675
8647,0.07074421
11291,0.06637581
8721,0.15376653
79,0.13544834
18430,0.025452761
26632,0.028893163
15494,0.14155062
1350,0.056537706
24189,0.076698475
16346,0.14677587
26536,0.032645363
5370,0.14697693
16518,0.06863404
25503,0.37245747
33038,0.15287231
27702,0.06289653
16858,0.04772032
23677,0.011110686
230,0.075691156
13695,0.15220064
6633,0.0495271
29178,0.2432398
19441,0.057250064
821,0.04416344
19071,0.09723815
11407,0.34877878
1513,0.054392803
1395,0.0014508159
20471,0.0989792
17480,0.07946585
32236,0.111962795
12702,0.050194275
30299,0.31729758
23540,0.052337278
29761,0.058744736
11431,0.176319
9045,0.051278938
4628,0.01957042
32887,0.24394628
2193,0.35450146
18530,0.061422043
18471,0.17045273
18539,0.07015274
28239,0.1403272
10078,0.08927195
11483,0.09078017
20216,0.083689764
26179,0.006852138
14601,0.45117775
22532,0.17846502
18555,0.045757167
24357,0.22505209
3709,0.15057448
25700,0.17304471
15622,0.04653773
2331,0.08592904
22445,0.08526737
4605,0.027816266
28283,0.06542062
32979,0.05149472
6711,0.022755848
1480,0.14004284
28286,0.061310682
26016,0.09695508
15794,0.06708685
18464,0.038360134
14319,0.055924684
10935,0.0131981755
17635,0.12505642
9616,0.042486668
11466,0.086026564
2545,0.27922115
7548,0.124101765
33168,0.4887652
24535,0.097671054
12904,0.07310502
2772,0.03804318
23547,0.32473728
20109,0.07665026
6752,0.053028077
20094,0.13269408
31279,0.105275355
14310,0.023521569
11875,0.2643812
611,0.05711085
11217,0.089206286
29634,0.24348535
29622,0.036955513
3452,0.1821888
32440,0.100250795
3521,0.08341216
25580,0.01979674
32741,0.11550567
29471,0.2877201
27847,0.074502066
17652,0.059579033
16291,0.029699847
14207,0.16831852
16583,0.0772128
20415,0.11986389
9925,0.09318183
9442,0.035379212
14504,0.0580213
27912,0.16657193
3253,0.04710641
19415,0.06942508
259,0.1883294
17405,0.10687099
28973,0.055587605
5588,0.042277522
29812,0.074896544
22710,0.41334432
5535,0.123850174
29817,0.026230816
20714,0.10991485
22154,0.090986066
3327,0.022630407
24419,0.11001512
16274,0.120631136
7186,0.10046612
29795,0.07188555
19897,0.27415243
8864,0.17218259
4901,0.14611268
15351,0.12817377
28155,0.064839296
1943,0.21582268
23498,0.057180654
15267,0.03397153
5506,0.059132297
9250,0.03511871
14624,0.051323544
29246,0.08492457
1712,0.15661289
10639,0.05328094
26118,0.06725303
16970,0.05152596
16306,0.061215773
17013,0.07684112
17543,0.108854055
15109,0.12355195
10350,0.050770774
8831,0.04922267
1363,0.053696588
28258,0.07056505
7758,0.082405455
22617,0.06068222
10250,0.058190744
16944,0.5450979
4834,0.10597143
24049,0.060763724
30613,0.2560917
12264,0.045242783
3115,0.5929701
31461,0.2415259
30696,0.025419842
31352,0.1386584
10367,0.1783723
24064,0.20066543
1176,0.07937587
7312,0.042106718
18499,0.30266914
19515,0.18887879
28055,0.063136026
9962,0.1085652
10865,0.08750796
28709,0.05554416
1905,0.079128005
3220,0.122622155
19066,0.1467307
5928,0.06488696
14979,0.11595626
32730,0.18440174
22410,0.36973163
4530,0.045735735
825,0.23512876
12905,0.08256588
6159,0.14629172
28878,0.031033851
21160,0.10509887
19542,0.070959084
12490,0.17098984
30271,0.28075942
13315,0.2812777
4677,0.036496483
19605,0.1798062
9945,0.07232382
9498,0.092518814
32734,0.21651545
22236,0.1736746
2024,0.36013836
33137,0.039706495
26747,0.09245846
32917,0.058886796
8380,0.26338857
9464,0.09172466
3912,0.11315013
27537,0.032035768
13550,0.054797865
12616,0.02701634
14714,0.43834004
9808,0.09912348
18606,0.043269966
14012,0.20422615
3404,0.103453875
29847,0.23283848
13884,0.18154995
15373,0.08789939
9537,0.022720275
23265,0.11555724
23131,0.024477081
32806,0.34555218
6236,0.25291172
11803,0.018881997
26689,0.064083666
14253,0.07938296
28871,0.104424894
7130,0.4719341
18801,0.17105252
9176,0.15858105
29257,0.12639783
26532,0.03628487
4829,0.119603105
10074,0.077607825
2263,0.1456742
1650,0.1853972
3519,0.0676466
22686,0.10525631
28753,0.2578085
6677,0.037181277
29115,0.11230934
29792,0.12185085
1669,0.13285217
13080,0.054526728
8607,0.07770752
10728,0.06009493
29989,0.06935109
5088,0.096674114
14970,0.093832
21044,0.06443914
21360,0.315873
27742,0.1885286
24702,0.25113088
5427,0.0375148
30221,0.17786406
29525,0.18352053
10868,0.14316425
23643,0.6258953
363,0.32921544
24732,0.17531507
23405,0.077531844
18124,0.062053077
20564,0.079121836
26730,0.11606072
16427,0.19890979
12508,0.26393822
22406,0.4288147
8408,0.073019125
31969,0.13791463
11004,0.036621064
4446,0.14123975
24728,0.039046083
12037,0.083884045
31492,0.02536508
18284,0.3152326
19238,0.06895818
32787,0.29370067
10260,0.28746855
2325,0.41507605
26578,0.118488975
5430,0.07709291
29629,0.36237404
22961,0.06506327
23819,0.1066985
27896,0.050878853
13628,0.059647277
5718,0.047851395
17017,0.030149292
22842,0.035622343
3041,0.12890925
17838,0.13764258
16407,0.05845306
15542,0.030999197
23682,0.060092214
7050,0.060791567
27167,0.056509085
20610,0.17231746
19359,0.017368697
24442,0.057249818
31576,0.15034708
19751,0.08330028
26461,0.04279582
18225,0.05736177
15833,0.06591006
17435,0.029411415
28175,0.029770272
30642,0.031668145
24217,0.027137225
17531,0.30171168
19279,0.17581421
7100,0.1283295
7524,0.10161332
11393,0.06938559
11227,0.052890282
11208,0.23558468
11293,0.059837762
21717,0.038173668
21888,0.014903738
26344,0.19458756
2376,0.072368324
19956,0.060223408
15277,0.03979999
11201,0.2716847
19063,0.24374396
14444,0.048660997
3114,0.08760987
16808,0.08827756
24558,0.05708324
30188,0.32594416
30893,0.103167966
16333,0.25731003
19582,0.4095728
2350,0.2783659
29593,0.009834856
19990,0.08574047
5936,0.089914516
17626,0.13527693
25740,0.15767953
32568,0.1116685
15400,0.11097795
26928,0.077259995
27344,0.16789286
22836,0.107111014
4484,0.13545437
22149,0.09532629
19576,0.008035099
25494,0.031395253
176,0.02783722
20213,0.070007734
6839,0.092268996
6388,0.18908131
3147,0.06482666
14604,0.101699494
7477,0.046957854
26808,0.08379801
19222,0.03534415
12725,0.09276109
6296,0.10367904
2573,0.23611772
17026,0.113249645
13113,0.10581399
17485,0.11400381
30809,0.08985676
24424,0.09951792
32002,0.091306865
6073,0.12106789
11486,0.05333631
28237,0.23819472
32923,0.058741495
18775,0.33672014
532,0.036374725
24948,0.2747504
27647,0.022254098
487,0.10039497
22247,0.11164697
27765,0.13069525
15395,0.045156125
23800,0.09434087
20683,0.115703225
2671,0.11319655
8590,0.12540191
22558,0.13114704
2525,0.05209651
3700,0.055965513
5832,0.5787486
25112,0.18912137
27640,0.118430495
10105,0.087932065
20735,0.113451116
3775,0.030240022
13825,0.2272494
30904,0.2885893
743,0.12213375
31547,0.099872336
3740,0.1724382
18115,0.050986543
23582,0.08061761
12811,0.07724835
2480,0.18347244
15750,0.053821407
3447,0.06851947
11235,0.019698206
3216,0.06481702
10098,0.062744424
5676,0.06232706
2794,0.09407739
23245,0.11323517
6909,0.26095885
23811,0.115128644
18711,0.044921763
177,0.41628173
14599,0.036354005
24740,0.03447051
7560,0.047632303
27179,0.12540424
24309,0.036439266
26489,0.20014732
11056,0.28171036
13223,0.12238959
25128,0.1237885
28390,0.21192096
589,0.042037353
21392,0.052091796
12850,0.044679463
20644,0.058785472
18159,0.07335268
19016,0.15270437
12463,0.06306679
1112,0.08143892
20930,0.12837356
10093,0.15763852
11478,0.121659905
17133,0.10205143
33061,0.035825536
32894,0.067562535
27467,0.2677087
1629,0.113947056
15184,0.08396505
1137,0.03746258
29227,0.10743036
19686,0.112326995
19928,0.32182524
8331,0.02861139
25105,0.17941365
14460,0.22845784
2203,0.39637575
14265,0.30338675
29575,0.12026893
31516,0.10243009
24416,0.1717005
31049,0.059926134
7700,0.25973508
11410,0.06572038
17825,0.08221598
18949,0.22159925
9262,0.21230975
1694,0.1037969
6771,0.34497425
21793,0.048415415
23887,0.059847318
28457,0.112506755
20946,0.12609419
12067,0.37143934
228,0.06822008
23048,0.29793972
18310,0.006601901
5990,0.5413653
31060,0.15787761
15211,0.10849334
23536,0.17130649
30595,0.030572418
9782,0.069875166
17122,0.11258307
21625,0.030531215
26526,0.05577642
12020,0.11014475
1611,0.034956194
21251,0.19125812
11641,0.07343419
31925,0.14836209
8620,0.1606641
20263,0.04337938
13275,0.24626595
28885,0.22206998
4950,0.056093074
3830,0.23640518
16166,0.038850818
28375,0.1047655
27086,0.05613803
23748,0.046315324
17280,0.043406975
14083,0.11182614
14074,0.09191045
11204,0.11683357
3914,0.16724928
30047,0.21747
10423,0.21735092
18715,0.08662352
6843,0.18460707
7529,0.0446814
20353,0.38968727
13730,0.036521316
7210,0.24499038
7182,0.046204478
26025,0.15270032
32888,0.05853504
28385,0.32113364
3970,0.090258285
8996,0.080327205
1738,0.104484215
24811,0.14053443
20666,0.05618837
25919,0.045299686
13534,0.2124113
25827,0.016165692
14667,0.22008346
32399,0.04975313
3357,0.045980208
30501,0.09480381
17414,0.13294259
13216,0.16086501
14837,0.081941485
26872,0.04031463
12926,0.13095015
7876,0.079101674
3656,0.06770604
26035,0.13400865
30451,0.30888656
7922,0.11943682
14646,0.049242616
4682,0.19099072
32574,0.11887377
30534,0.02241826
6360,0.09085419
2700,0.18278627
15809,0.028881144
25389,0.39561045
9362,0.07628196
7589,0.07427026
21885,0.081877224
26957,0.015044424
3690,0.19715825
6875,0.059722044
15263,0.091147654
15132,0.12854357
21245,0.6764355
12694,0.034125447
5449,0.07522795
20696,0.03617529
24749,0.12839383
26989,0.1276056
30037,0.038548186
30771,0.06670771
2645,0.14365838
6431,0.08262344
10262,0.20212668
27943,0.041358534
21087,0.027717276
11853,0.04470533
22756,0.18652906
30236,0.2693139
29055,0.040842008
27694,0.121184245
20563,0.05148725
7076,0.36500221
5640,0.24947213
31679,0.15598021
21441,0.060107257
22813,0.32476175
28405,0.026370248
12544,0.1494168
28484,0.22029814
21458,0.17290483
11536,0.118633166
1365,0.079774365
12806,0.11249714
4136,0.042300787
12438,0.005367057
27833,0.2953346
16593,0.078027695
5179,0.077055976
13338,0.14663564
23686,0.036784306
30135,0.19864066
8811,0.05539378
20240,0.07197819
13693,0.16263877
4330,0.025379613
6432,0.2669088
1925,0.11290638
32595,0.059557207
17909,0.0836091
4762,0.044485863
14075,0.13229223
30295,0.23937796
9934,0.081357315
17586,0.301099
30559,0.18359415
29445,0.110088415
5101,0.2828289
24403,0.08060015
33369,0.06399906
17744,0.03267941
17662,0.022296153
16812,0.10389306
17930,0.05971687
19533,0.094985686
18746,0.172691
32211,0.05553663
12646,0.10135276
24252,0.012883272
7047,0.32686314
10177,0.13603573
18305,0.6392372
2466,0.080580756
14128,0.09380168
18129,0.18317986
26017,0.008318839
5393,0.080097005
30398,0.03496019
25578,0.07314445
13437,0.071317285
21291,0.10468925
26452,0.02644498
16880,0.048980173
7608,0.3872351
19660,0.10975254
10066,0.25314012
3502,0.04289171
13721,0.09669957
20447,0.08122137
18204,0.3713884
19807,0.1346978
28394,0.054998655
6534,0.10398872
7675,0.109286115
15558,0.032519273
2036,0.4766288
22477,0.18470985
9983,0.07812009
26552,0.069041066
28684,0.038861513
13508,0.11798674
21351,0.0051612807
7684,0.28144625
21643,0.0871328
16214,0.07035496
11824,0.18269591
21740,0.13693537
15318,0.67803913
7787,0.108380005
23763,0.06816714
3057,0.0500169
26113,0.17878647
3733,0.063072056
1893,0.2628735
15529,0.35970527
19750,0.09161708
20381,0.020567393
9227,0.13778596
12843,0.052999076
13866,0.027639765
11899,0.06505455
3055,0.29152521
10708,0.22459699
25220,0.0079570925
448,0.2257395
10065,0.043741144
6055,0.076595545
23461,0.08806949
19875,0.39854512
24734,0.074627005
25033,0.080815926
27202,0.1883294
10558,0.052537978
29126,0.11084237
23171,0.24851689
19902,0.11007449
6045,0.08719536
25247,0.14819759
3202,0.17453866
31311,0.14566013
31657,0.31149226
290,0.06160235
12337,0.2083662
29360,0.19063698
3414,0.12971905
14616,0.039007295
5290,0.13999425
23312,0.2087998
18158,0.05406335
32696,0.1459896
27529,0.20925592
21616,0.1917109
22182,0.19886503
7386,0.10981522
7139,0.15488474
387,0.041041277
27161,0.088835
31310,0.040163577
28111,0.11454707
10158,0.016612556
8403,0.03625946
11465,0.012873015
10019,0.13516568
21366,0.3635208
10526,0.018576872
30700,0.3585858
6871,0.13404123
10184,0.122204445
92,0.011605744
13707,0.07987164
32101,0.3145046
17323,0.0040703947
26379,0.11887354
18438,0.0741963
24600,0.21603656
18312,0.06044088
579,0.06713556
27001,0.19906718
8477,0.11408497
14892,0.12206897
8175,0.11515196
529,0.03018366
31966,0.24186824
3799,0.038292166
19929,0.0755751
24604,0.16682835
13346,0.07535839
7065,0.11879135
10099,0.04717672
23869,0.22492822
21397,0.16567431
14905,0.00910037
12970,0.07664082
24394,0.06208677
513,0.0855019
10069,0.064936094
12461,0.08740853
22967,0.08802971
571,0.1715047
7775,0.12918699
1691,0.11224145
23528,0.09450135
11698,0.006483347
11569,0.059074543
15870,0.027232494
30578,0.05193526
15641,0.47626328
22202,0.12554121
30834,0.07168158
1104,0.083487846
5885,0.09812214
3208,0.032774568
14137,0.08809988
16587,0.018090952
4596,0.0166081
21972,0.014583997
17801,0.29663855
29646,0.28933355
14708,0.22591123
10608,0.03491226
20307,0.2734605
19466,0.21232687
14815,0.095222466
30198,0.03150934
29765,0.08001297
4337,0.041152474
11449,0.24913931
24861,0.17814687
27303,0.039675705
19019,0.081561506
12040,0.031054039
14583,0.31673914
6848,0.14339586
2115,0.06257493
19848,0.19529736
23544,0.019091042
20019,0.16627088
14859,0.12273015
23386,0.29574913
2158,0.065867506
23254,0.11381048
31276,0.037917268
24940,0.07010416
19498,0.13901645
12953,0.10897467
13544,0.117558606
23921,0.07557847
16353,0.093902424
541,0.05882584
5200,0.2275144
16923,0.37943402
1242,0.1049052
20844,0.08258145
25212,0.40760782
23345,0.42412633
21182,0.13227773
31228,0.08783297
9354,0.09119915
3204,0.051580485
314,0.060947817
23685,0.097008556
9979,0.28932238
10733,0.14229372
33366,0.018431917
2056,0.08377028
19371,0.06920876
1437,0.030485699
29789,0.061317064
21851,0.26525533
21127,0.24855223
24006,0.27985212
22902,0.032228224
12745,0.108259
18879,0.19449827
5505,0.023381403
14030,0.08815634
27779,0.029571129
29215,0.02312891
2983,0.081475385
18679,0.017329067
23702,0.37768203
29597,0.29649028
6358,0.048331432
28950,0.063179195
598,0.5174839
21124,0.013533332
8957,0.09131981
33048,0.15774569
10126,0.06772223
3066,0.39813367
22802,0.37928063
22965,0.4519018
22079,0.1053046
10675,0.113934174
23602,0.05429939
5877,0.2201123
12366,0.085459456
474,0.03306629
28208,0.08612432
16598,0.024315242
2001,0.06283242
28489,0.13634881
24347,0.13315822
25237,0.021146055
28958,0.02494785
6931,0.05139362
7901,0.20757471
30963,0.05017274
5046,0.040281992
32846,0.23256363
5233,0.16077644
2488,0.10463464
23125,0.04045022
3383,0.061111946
22150,0.11768572
3482,0.09662081
21662,0.11545375
2019,0.03194559
28822,0.3103071
25755,0.12678717
643,0.053086054
32877,0.15672141
14238,0.13165115
16170,0.07732207
14006,0.22189324
26719,0.021115964
12596,0.20116481
4663,0.1384534
10339,0.07161057
16233,0.054452315
7106,0.070706256
31164,0.21314478
28731,0.15057059
30078,0.19359519
23980,0.52085334
13221,0.44727126
1575,0.05986414
33270,0.2157219
26750,0.3157137
8613,0.03463564
3212,0.13464089
7495,0.20129913
26914,0.0041496255
9135,0.11226485
11140,0.040250823
30282,0.10239417
16362,0.051276684
10328,0.13193451
4420,0.24470666
15773,0.14393368
10716,0.12039731
18925,0.135306
19433,0.36370707
29231,0.121099375
16183,0.07182095
25398,0.040051036
8558,0.15985104
31496,0.10822241
29589,0.088726446
25937,0.07234465
29694,0.1425214
24265,0.0633443
23749,0.01799324
22660,0.030676484
32565,0.16983844
29510,0.09470527
14876,0.0989201
10706,0.19823636
18207,0.04825901
3727,0.115862906
16391,0.07765708
30326,0.23147166
29061,0.21244481
17290,0.066490434
32150,0.07322906
32264,0.4613816
33111,0.09044807
11992,0.16950582
11554,0.2671222
22991,0.09822256
25721,0.043307293
29619,0.13069579
33287,0.40015715
427,0.24196246
1813,0.16617063
5227,0.07157452
30241,0.1749
28248,0.12011164
18412,0.10992327
6416,0.05248217
9348,0.05388661
26288,0.05863077
23281,0.23379149
25664,0.2341496
19535,0.20542881
12550,0.11875317
19416,0.24023472
8252,0.29990664
23789,0.1948538
19141,0.018579463
32596,0.0995412
21835,0.023872703
27810,0.26060075
27802,0.12040741
15572,0.28143856
30942,0.06623426
24894,0.3004644
19856,0.045528665
8730,0.18172342
22060,0.18028441
4764,0.086910665
32840,0.046033517
15582,0.037157036
1536,0.08700762
523,0.12083757
8474,0.17492792
8172,0.055902403
23764,0.047940865
2689,0.066390164
12238,0.09601051
12687,0.042631403
17810,0.019775536
27877,0.11407263
7752,0.01134701
28962,0.06081706
476,0.07572197
11023,0.12490853
22021,0.05314965
9027,0.10559854
12257,0.06079832
20772,0.13194384
16797,0.13543291
3141,0.07829034
27570,0.0744827
15276,0.24515234
24831,0.04344441
15312,0.18085656
21963,0.05904115
17321,0.407311
29327,0.05262871
5842,0.34590474
11791,0.06541228
32060,0.089434855
13983,0.015418889
12940,0.085478395
30283,0.24111713
23559,0.17114873
31270,0.062442146
1731,0.047138527
20385,0.037991177
9828,0.02637856
15419,0.06243559
22452,0.4614743
25847,0.059598032
24797,0.045454364
20602,0.03855684
27245,0.19122495
28030,0.11092906
17263,0.13789096
8157,0.16679029
29764,0.117756635
5816,0.23338044
27295,0.049510483
21638,0.0662205
12524,0.037782107
6382,0.08730662
32365,0.3156914
12554,0.044989415
2714,0.048117034
29369,0.05931599
30122,0.06659533
32385,0.14464943
7828,0.28056535
25012,0.08172493
21128,0.32951894
30626,0.06622068
19747,0.013910042
6522,0.12832731
25814,0.076479696
24858,0.08994874
7440,0.08060111
16360,0.09358099
22972,0.24336396
14227,0.033709846
26436,0.08770834
4943,0.088473104
11585,0.03646701
19430,0.12366832
16596,0.026342971
8817,0.09545456
10822,0.068892635
17394,0.08104917
3164,0.05310066
13369,0.24953648
27916,0.094767734
14593,0.083731696
32562,0.1939298
3274,0.072540745
24970,0.07359668
27235,0.13467617
29124,0.07170483
21855,0.037605323
9835,0.18227
21690,0.11842808
23976,0.15165383
5487,0.010243693
19520,0.087839216
8213,0.25140032
2456,0.05904325
30259,0.08405546
4566,0.08262273
14998,0.10593205
32377,0.0593471
32689,0.06663912
15196,0.07211251
22311,0.051962618
2814,0.10181969
20855,0.11230668
8008,0.16650194
13020,0.0803703
7802,0.06472742
16202,0.05177871
14131,0.067446105
30449,0.01919858
5085,0.08857566
10825,0.031485643
28456,0.063037395
30576,0.31154215
13964,0.13088469
22281,0.13777964
19659,0.049078446
23362,0.032947488
31054,0.18159308
29556,0.25609553
32295,0.2123346
25854,0.07106683
507,0.05563273
16065,0.07186955
6681,0.22980458
16912,0.033511247
25464,0.4561957
26372,0.51265633
631,0.065413326
964,0.12822472
13101,0.10051579
11970,0.29592595
14143,0.02756827
27011,0.021168418
31958,0.05102064
11278,0.112378895
350,0.018965717
21983,0.03698939
26039,0.34833443
777,0.056563996
3277,0.12881076
4138,0.15896724
1657,0.041675586
20935,0.08932366
2013,0.08780039
4304,0.04918224
22295,0.105206594
30024,0.032801412
1263,0.051813457
6020,0.11788762
28121,0.25363275
15900,0.07525126
22957,0.053661514
1433,0.3003368
6613,0.021239346
22403,0.20039594
29960,0.22577308
3577,0.021886216
8743,0.15657616
30356,0.14473768
6173,0.023096202
19545,0.06727932
24951,0.08877899
33030,0.08200764
27453,0.061553784
23448,0.03663488
22995,0.0828904
14850,0.07173228
24417,0.34554517
14016,0.02794844
1198,0.098494045
12909,0.16202894
15757,0.03545113
19121,0.07415713
16431,0.0584436
1583,0.22352377
6846,0.150393
30748,0.07695157
21781,0.05259097
30971,0.117149174
9404,0.0631661
12804,0.104299866
15755,0.008962715
26056,0.015741527
19831,0.14876232
13039,0.1061873
31012,0.11716286
8657,0.15842596
30045,0.012168445
7647,0.06422946
18831,0.04321549
19665,0.20467731
17334,0.08095324
12196,0.05605175
11090,0.092489034
10718,0.06956412
19567,0.22836347
31635,0.070848025
7112,0.054756597
25687,0.032746132
12620,0.028016685
17579,0.035407588
22998,0.11340922
19180,0.15071793
11706,0.16770054
2130,0.07545172
17550,0.28525066
29816,0.09051937
23930,0.16737735
13473,0.29537266
25899,0.16615301
5422,0.07366057
31337,0.1333945
20291,0.19240046
27090,0.09944823
22051,0.15084563
31571,0.07790103
20709,0.0979085
32839,0.09790696
24560,0.0708695
5528,0.21856284
30727,0.039417543
24463,0.13730958
25029,0.12309932
23466,0.1568876
14296,0.30447224
9655,0.08331499
21929,0.11297645
12110,0.12279266
4012,0.17148829
31232,0.32267213
1247,0.083011515
23422,0.09249501
24669,0.26067272
13350,0.14408971
25889,0.064874925
28048,0.06686147
18494,0.13114943
24679,0.34176734
9497,0.18042293
25077,0.089392014
24782,0.20089017
19918,0.14855331
21263,0.09981523
15817,0.045724843
16488,0.032526985
8543,0.15478857
510,0.06901329
6133,0.0105235735
1379,0.07738862
16477,0.27432054
15653,0.06901587
32133,0.078080125
32669,0.603109
4765,0.21361543
3488,0.29568574
24286,0.15535489
23507,0.26100275
20026,0.19581051
13293,0.09085326
23153,0.057693962
4289,0.041631818
6295,0.20530796
26954,0.012923148
22789,0.07836775
33319,0.040533803
13712,0.0431414
19565,0.12129608
10435,0.047911383
30606,0.32429346
18992,0.08279059
24614,0.17694946
21328,0.07595421
16611,0.059232473
16836,0.09237973
30535,0.072958946
3668,0.10375645
2616,0.19274172
14056,0.22023857
18043,0.06865182
9141,0.23249634
26535,0.054210722
11857,0.02493005
9633,0.06771423
5312,0.062595494
13878,0.08841963
33123,0.031960685
22774,0.17732532
19287,0.15910614
20349,0.063397296
13214,0.12255097
15398,0.16430104
27812,0.336211
2505,0.059921026
31181,0.101527885
1507,0.14976643
25917,0.21206278
14053,0.30208477
23277,0.029955337
3659,0.055680107
26004,0.058131635
26620,0.12182284
15699,0.015196997
6414,0.162612
30019,0.05385006
20092,0.134671
1878,0.2610388
15883,0.08184766
29752,0.033474803
21549,0.101633936
4151,0.064030685
15113,0.11976406
14288,0.19416618
21374,0.3427685
6049,0.043501854
19863,0.09925899
28452,0.13629016
2825,0.02080205
31697,0.016190646
31451,0.1949705
29075,0.038779933
16727,0.10508117
5675,0.38330504
7623,0.0404356
18153,0.09287288
21075,0.20473857
25572,0.054834936
1360,0.16988565
4905,0.06847758
924,0.065539554
2594,0.08214632
15129,0.05630453
25990,0.18073761
33039,0.11307651
17486,0.03307939
21373,0.06805167
30910,0.29235622
31135,0.21147501
21379,0.25409147
14881,0.119356446
31904,0.073736414
8658,0.032936156
20942,0.030977167
7482,0.021733273
2663,0.033929512
3238,0.022870384
1765,0.42283192
3532,0.16539237
12744,0.04155456
10192,0.13580498
21298,0.16380037
8757,0.28589073
30467,0.19911328
18867,0.09498626
5548,0.15748295
31213,0.0772087
26800,0.050923876
6796,0.21552226
6409,0.098458126
9892,0.25007924
28563,0.017984794
7002,0.054674078
21979,0.07310972
4369,0.054573942
21288,0.06646782
32815,0.13093188
19917,0.2418181
3782,0.4505871
7595,0.09481362
13968,0.6490403
3976,0.04177412
10144,0.18712685
19015,0.07894994
13023,0.15577129
23360,0.07231747
9355,0.23313913
13405,0.060106765
32500,0.11489035
13424,0.052846905
11094,0.22220083
21704,0.035732474
6346,0.22401464
24105,0.1278165
1887,0.11778082
17741,0.2606088
19789,0.5203476
17925,0.07720819
32827,0.20324942
22266,0.065066405
17735,0.1231097
15128,0.093494184
22340,0.012729892
32662,0.14642398
23396,0.2431068
16883,0.23975493
22936,0.24718097
341,0.103047654
4956,0.02245514
9826,0.28011993
33167,0.38712177
11319,0.104530275
11304,0.2794448
15970,0.111106284
1381,0.06940583
9248,0.023086596
4427,0.15716335
16563,0.09156898
11758,0.047084764
27869,0.4139703
3651,0.05902593
30884,0.10227045
27063,0.38998228
15718,0.0682673
33166,0.09081607
25790,0.034379367
14026,0.13409123
8971,0.05085682
2640,0.21048088
17953,0.15510827
18132,0.032827213
29884,0.17822677
8545,0.07531396
17092,0.44365025
6559,0.21817382
19812,0.13111775
28821,0.1827491
21945,0.13609213
5457,0.10805791
26188,0.089666255
21506,0.04631144
16249,0.015439326
8549,0.23372649
24410,0.046287004
2492,0.039555047
10222,0.03198689
3828,0.23800781
19791,0.06410408
6862,0.2233472
15989,0.048377424
24512,0.07703256
29429,0.13549946
11589,0.043525055
30375,0.056934804
5542,0.060282785
732,0.042558268
14831,0.087006085
1503,0.15571517
9592,0.092039555
28924,0.07849727
29938,0.05824141
12492,0.13003573
10525,0.06507646
13684,0.011320754
31674,0.3608516
18470,0.21682659
11153,0.05098383
3347,0.050899237
21224,0.08824833
3873,0.28461516
18579,0.10375104
17035,0.07873785
31225,0.40095326
21537,0.19631395
7965,0.013381702
22478,0.19305024
21977,0.27761608
25552,0.12269625
14101,0.053547032
18747,0.08110077
4935,0.26208884
3448,0.40839022
5714,0.008851939
18432,0.08523069
4538,0.1191003
946,0.076166846
30060,0.11769456
23296,0.122199774
12446,0.25413623
9733,0.04154401
26069,0.105678394
19478,0.088226244
521,0.10258918
20021,0.108214945
8363,0.105977215
25164,0.058270317
23412,0.020738687
22770,0.28546047
29518,0.015097297
25863,0.172212
23832,0.17120855
24581,0.0754748
26386,0.1191003
7423,0.44535154
14992,0.0505416
1236,0.07977466
24756,0.07500689
5498,0.034089003
12147,0.25224373
12514,0.015829999
4469,0.1725407
10469,0.20655577
11733,0.031040158
22655,0.028652279
27038,0.22777142
32643,0.14931783
24054,0.36228308
8187,0.13814954
697,0.11645935
3854,0.046848405
19603,0.09076067
17581,0.08595804
27234,0.090992704
1830,0.38689715
29648,0.19010079
4787,0.15026541
27513,0.1116851
21041,0.032063097
31626,0.20238066
19666,0.08211047
18920,0.0755512
18976,0.14829913
16962,0.17877972
21470,0.5757625
24721,0.027176267
17882,0.069477655
19232,0.07314745
11935,0.07510789
19828,0.11382315
17611,0.18419264
2763,0.07339283
10959,0.014403379
13078,0.07649342
23994,0.10344716
1942,0.026555665
9867,0.21194653
28197,0.058903113
2353,0.3495268
7084,0.27072382
1367,0.078749575
15354,0.09122589
23302,0.16443914
12093,0.08045825
24423,0.029421952
21388,0.08903183
23938,0.16899501
6200,0.09455742
13123,0.09379817
1302,0.026250705
4614,0.075943604
17041,0.035073746
22793,0.014649985
18354,0.07455476
23163,0.06885644
29438,0.024258021
12876,0.2309416
15065,0.050067406
2274,0.13156117
16211,0.13251339
7078,0.26430535
5138,0.1478946
32207,0.1442461
9819,0.022579122
26525,0.13244638
25342,0.07691632
15601,0.106079705
2495,0.11665935
17828,0.28757936
31923,0.35208794
7278,0.111063905
7991,0.12270106
8161,0.10144471
1637,0.13654639
3008,0.1445347
26978,0.13385943
8356,0.021718461
21580,0.18541372
14325,0.14210206
608,0.104385704
5922,0.106040664
11785,0.11737772
13228,0.070806034
15651,0.090312
2118,0.15224777
25642,0.053366885
17059,0.1687478
22363,0.1126911
703,0.047149945
16087,0.07578527
409,0.054804586
28579,0.107696295
23120,0.12091452
30377,0.18020399
18996,0.055618364
28634,0.30929482
3476,0.06806186
25955,0.061608054
23025,0.17731605
15286,0.12030317
8081,0.058310665
18015,0.11030801
5976,0.056287564
16679,0.050418727
6165,0.09092147
23557,0.11383101
8755,0.19544184
5750,0.02615022
688,0.09069588
24779,0.1445347
19060,0.14988443
15271,0.20050244
17680,0.06518874
10064,0.060844354
1344,0.036228165
12023,0.087342106
11862,0.039955325
16606,0.17829798
32510,0.06219222
23472,0.037466593
12957,0.16950823
23501,0.07612966
26216,0.10996611
25524,0.13958693
12989,0.07888594
20914,0.093992025
22446,0.43947265
19825,0.16664168
31237,0.3318242
18693,0.11087785
28145,0.045842458
8639,0.07646277
16103,0.15065277
33059,0.36854663
30187,0.060084697
5390,0.08996357
18853,0.034979768
32280,0.15545261
31243,0.44259933
14755,0.08807754
8273,0.11330503
27269,0.1477972
20925,0.09576361
20357,0.14143434
6000,0.026842289
7950,0.06993586
3595,0.02852079
5806,0.041674417
21894,0.1781371
16937,0.106740005
21579,0.24909711
8501,0.061324954
8723,0.18265899
11049,0.013227426
2558,0.06975822
3263,0.15438907
20347,0.11299304
9848,0.04276037
2119,0.0673883
10406,0.70765877
2708,0.044614676
2791,0.05792205
17529,0.3055774
6081,0.5475248
18762,0.34604818
30547,0.5427062
28784,0.063373126
3829,0.052370913
10509,0.10308327
8272,0.13060862
14736,0.055216137
4307,0.08016939
13944,0.12414449
2399,0.39648613
31684,0.089647494
25515,0.05051767
1483,0.08700864
31549,0.10032448
8625,0.23443666
11002,0.15164621
17595,0.074784786
15117,0.050414696
32570,0.28649893
10007,0.08329247
18136,0.15712479
1718,0.16388479
3636,0.08712196
24101,0.07568897
7270,0.05837983
27097,0.14256383
4963,0.043931384
1027,0.05561853
5125,0.099877924
10422,0.24618971
26032,0.29660732
8439,0.04244415
9718,0.037728924
29743,0.22820427
18423,0.034353107
14290,0.07226354
4414,0.07297722
4801,0.0295188
27442,0.021171907
26764,0.08994055
22772,0.041796494
2688,0.16204533
4562,0.063311316
8614,0.17635629
15887,0.047064167
7036,0.1267582
28146,0.11063871
17124,0.17329918
12123,0.28630492
28920,0.06337969
10678,0.13021058
26202,0.050702106
3380,0.050442167
13696,0.030564077
2287,0.13091825
23596,0.037985582
10723,0.24227186
14499,0.049767394
24596,0.10468478
23701,0.09680412
29274,0.040090792
13806,0.16847163
11948,0.052299403
3770,0.23991789
17803,0.18429141
21584,0.04532607
33115,0.09919241
9843,0.21476294
16251,0.4432686
11075,0.04786877
24806,0.23497222
21627,0.41446552
28617,0.10433701
15680,0.03323911
15169,0.18312632
32771,0.09942533
31650,0.25574
3320,0.029529912
1547,0.26959056
5368,0.09873429
13555,0.05539691
7821,0.04469856
6272,0.10752917
25003,0.1028261
25085,0.047054
21791,0.08918809
24905,0.26029286
10900,0.049921535
5519,0.08645377
2172,0.059455164
5694,0.5472433
28740,0.1815952
24083,0.37554806
26646,0.10494356
21141,0.18898073
7526,0.16563426
5171,0.07502916
24406,0.27064097
23039,0.07406648
12604,0.10690737
1645,0.22514357
18401,0.15461007
18218,0.109362185
27133,0.10494033
88,0.07345396
17728,0.19782858
21471,0.34327117
5683,0.104419634
5261,0.043152925
24777,0.20605777
26005,0.16829592
17482,0.053310048
21819,0.21663965
13365,0.08642762
18222,0.13375914
9397,0.091927975
1107,0.11327182
20884,0.1268828
9990,0.08505586
25510,0.050036483
19927,0.06440269
12341,0.062096342
12915,0.014229955
7909,0.034539517
23601,0.04738017
18160,0.019823922
17557,0.06796186
11369,0.045876388
27450,0.07768442
23130,0.24647272
8962,0.06258386
30586,0.022590717
16042,0.24469684
26457,0.10100007
3297,0.042110734
18769,0.11447529
12396,0.3450328
6764,0.11245369
2524,0.40711066
1724,0.2856725
8653,0.023920506
21444,0.035770044
23439,0.059038322
24536,0.03070173
22638,0.02543431
16400,0.110424116
5120,0.03314239
9622,0.3554058
9852,0.21052277
9822,0.033161633
12053,0.10160851
10633,0.087529466
32327,0.04523562
4835,0.06892567
19269,0.10917278
28061,0.28626558
17666,0.1370026
11406,0.18594335
25315,0.25595695
26087,0.04163365
1498,0.11597927
16554,0.1967161
9926,0.11710137
4736,0.07640757
584,0.2665921
18033,0.27640888
21649,0.25335202
21742,0.060583748
1183,0.058265727
5702,0.051404186
25967,0.13136327
30946,0.115728706
30705,0.062112145
11168,0.07051736
3774,0.071652375
17971,0.049033165
27551,0.2257645
5146,0.020200862
21428,0.05925141
27740,0.10167877
25898,0.2696156
20755,0.044697035
31059,0.005135819
15871,0.026563223
21674,0.4484973
21096,0.08625763
23790,0.04575442
7923,0.07083801
20526,0.2754296
5805,0.07587252
21332,0.015981866
18070,0.1180892
23896,0.052082285
22631,0.13820255
4103,0.07130724
26121,0.0692587
32780,0.014116393
21416,0.091156974
16528,0.060216233
22419,0.16634928
6599,0.012423205
30627,0.080587685
10842,0.022215607
32598,0.25068116
19639,0.15205835
13779,0.14687161
19621,0.15634373
29726,0.07093269
24433,0.062299382
24445,0.10846577
32233,0.4194544
27722,0.20085114
8281,0.10963614
17812,0.19919409
30044,0.22274825
32638,0.087675415
20083,0.12728387
13402,0.020656625
3319,0.06650744
7606,0.04563918
32129,0.061987013
25802,0.19080956
11130,0.1626598
26647,0.12176189
19189,0.17370366
1993,0.59461725
29605,0.22514507
3772,0.026125696
17415,0.090614825
22493,0.20384102
22597,0.24396373
12585,0.20677498
16516,0.2913255
17429,0.2586735
4328,0.10613109
1307,0.20264797
7617,0.21325463
13928,0.033220895
8188,0.090008326
18937,0.069164485
10819,0.16967793
24165,0.31775892
16046,0.07813901
12453,0.21600339
27096,0.16424116
16272,0.040280614
1855,0.19391228
6535,0.2770388
20211,0.03457848
22716,0.120020375
26497,0.11508078
233,0.05195739
5191,0.058145646
27228,0.07512384
29776,0.36576217
20,0.09578645
24387,0.056564443
22993,0.068732746
14385,0.21986999
22962,0.16094
3621,0.18582638
8934,0.28584442
9214,0.11081609
31099,0.17542745
8865,0.027767094
8506,0.06569387
7597,0.12573574
31907,0.20035814
9223,0.33509484
26085,0.07708711
18502,0.041812643
8124,0.06611504
14861,0.20477448
3364,0.22666341
22456,0.021078011
9975,0.045219485
12587,0.18952751
14321,0.012309868
18169,0.35657358
2600,0.03239633
24809,0.2953442
3135,0.064631864
11750,0.17123388
14463,0.20456798
20078,0.092254125
27938,0.062511645
19291,0.09273483
23707,0.17466539
20304,0.10996755
2515,0.20896535
19150,0.25883183
18486,0.08742998
7255,0.062403142
16584,0.07826657
19134,0.060891446
13227,0.03565906
16323,0.030505463
237,0.072606154
22513,0.32603157
2236,0.115488105
23520,0.26952568
23705,0.065789126
5494,0.25894037
20627,0.037694298
32920,0.17945328
676,0.05221252
10588,0.16983913
4279,0.08071745
29888,0.1391203
27971,0.111657284
16954,0.082556434
22894,0.06174763
6282,0.27270195
9288,0.066081114
14922,0.26694277
14770,0.052063446
27587,0.05511745
19051,0.020887727
3917,0.04942564
6292,0.26640272
1491,0.1389043
7963,0.32416767
7257,0.03071263
24664,0.10744274
10354,0.041375592
26545,0.20905653
7353,0.06461269
22542,0.053084973
14975,0.07447583
17794,0.011926946
3609,0.16673213
23270,0.05542862
404,0.04156341
11334,0.044442832
29433,0.16018768
19846,0.4188797
11264,0.06975432
11059,0.0873017
4460,0.23869823
29128,0.030911341
31632,0.033280965
10677,0.21452124
22577,0.034356054
4969,0.08457517
23451,0.039459758
152,0.112690635
4403,0.041468017
3103,0.017252492
11434,0.12200624
10027,0.17349365
14907,0.122197926
30184,0.10370618
4384,0.28874487
7650,0.129923
27382,0.13296118
24270,0.055305768
7266,0.3572454
11687,0.00444843
18991,0.17654826
3539,0.28771293
31628,0.19784264
29748,0.1390655
10012,0.3945169
30218,0.57522744
19668,0.10540642
2015,0.16549626
11084,0.38581046
25251,0.19247457
7225,0.022572221
5124,0.14201963
19074,0.27574053
526,0.050288983
32037,0.024103746
30961,0.024514683
11778,0.028256102
19988,0.30290928
17814,0.12736022
11516,0.0079927035
1374,0.068504274
21448,0.12764376
4331,0.15227264
3622,0.078206114
4263,0.13064042
23852,0.20076369
12664,0.10966124
28832,0.05917719
17829,0.31143022
30328,0.2110405
2489,0.03204836
28829,0.14794736
19903,0.15813914
209,0.27376825
18977,0.06338926
13763,0.17951365
16524,0.06206845
30900,0.051833913
4953,0.19528525
23407,0.08976497
14590,0.16069646
13493,0.26044467
6893,0.032850333
1875,0.41981882
27770,0.10868019
9140,0.09359868
196,0.11875317
7797,0.07621454
25533,0.070273936
14503,0.0679539
29009,0.04199616
14985,0.03199981
26693,0.3178521
16052,0.103168234
15326,0.059656747
6136,0.062134124
29156,0.051596478
1522,0.06695404
2182,0.101386346
30370,0.08986968
15146,0.27120516
4391,0.101880506
17283,0.34919134
28985,0.06786378
16566,0.09757364
33021,0.047877885
22469,0.05963385
30007,0.045618847
754,0.31797785
21177,0.11252006
3738,0.12900537
23784,0.07970825
4707,0.14154021
16032,0.08598055
25683,0.35611573
7520,0.060814586
22372,0.30929482
30432,0.08577473
18265,0.19641264
14966,0.04265939
23926,0.25678623
7282,0.2983687
11904,0.11915639
6056,0.053429645
21377,0.16150166
20335,0.07985316
16916,0.322972
51,0.068869956
33028,0.19544649
25947,0.044611435
8190,0.08050348
19422,0.3283848
14284,0.08369604
32117,0.051499836
14331,0.40244612
12378,0.07389471
9763,0.17838109
6919,0.015599823
20206,0.21131268
12642,0.043438625
6425,0.2465797
10912,0.055266336
7599,0.11717055
9276,0.243471
9703,0.13325389
27592,0.12297453
1223,0.121546015
6484,0.0406105
4210,0.036542505
32460,0.11338923
7601,0.11472573
15928,0.04323232
2831,0.15862337
4871,0.070340514
21081,0.14759381
9160,0.03711057
25815,0.39932922
6337,0.058112472
22104,0.07396618
14461,0.2462899
33269,0.074308366
492,0.044448473
4844,0.06748977
28577,0.13750164
8361,0.1648098
4061,0.045916088
26199,0.13496296
29956,0.025050698
11362,0.21356675
9705,0.058039244
27010,0.26967564
2931,0.009252544
13561,0.08800902
15990,0.113602065
32458,0.13244884
27481,0.10695075
22325,0.05274597
6904,0.5173397
15269,0.059470758
4455,0.31236324
14567,0.053527422
13071,0.33505115
20562,0.21895696
11139,0.06516364
24974,0.05518494
15537,0.053177536
24215,0.13061883
22605,0.12105353
8736,0.109891266
17706,0.058549363
1173,0.08353383
11159,0.15851055
6736,0.1482476
20926,0.17884229
4465,0.074613966
22209,0.18340075
1812,0.07445817
14123,0.02844722
32484,0.105023734
31739,0.17922284
16841,0.022524698
28413,0.22746369
28334,0.026391938
25986,0.29356158
16928,0.12196568
1627,0.039556604
7224,0.13696937
5238,0.14090392
31937,0.03856492
6733,0.17244162
21609,0.15541595
29664,0.054729287
5279,0.08299928
32468,0.09237607
24062,0.13656777
25223,0.112033695
15945,0.11659309
4914,0.01935027
19347,0.2147359
9000,0.040486585
19997,0.14424978
33294,0.047656298
28523,0.15751538
12394,0.08098658
5981,0.20544378
16426,0.056417976
7333,0.04509576
14696,0.1552307
20059,0.13328628
3534,0.013423706
15473,0.34557563
19938,0.048631515
25426,0.12654543
4549,0.15120877
10928,0.26320308
860,0.015154907
5492,0.11318874
1007,0.04301969
16037,0.17962828
30945,0.18932837
20005,0.08640458
31199,0.07063557
18629,0.043090723
21429,0.043070003
6927,0.034797408
17178,0.03860116
3105,0.17159608
28465,0.18454178
16838,0.056794092
1564,0.18956722
29310,0.08913504
4495,0.0932486
24569,0.183498
17892,0.0047048056
7128,0.06257378
6847,0.073565915
13021,0.06706621
21502,0.05667339
15479,0.0883779
6949,0.16785324
15145,0.098097615
1191,0.07073827
18344,0.35943925
14237,0.29066604
20984,0.011542803
7369,0.1992922
18119,0.05315251
27755,0.14301954
6652,0.04863821
7887,0.18770204
15173,0.41209194
3083,0.10176124
3560,0.11722432
25828,0.08104869
9320,0.075182565
15329,0.077069506
11611,0.14396709
501,0.048025116
30258,0.070069276
1411,0.10572063
17512,0.0634143
16567,0.10413852
17915,0.057341635
369,0.14136069
23924,0.23249634
19880,0.03825726
33241,0.100376345
18239,0.5888919
31686,0.043302543
7541,0.21568272
11594,0.055312496
20130,0.05882097
6531,0.12385497
19426,0.29194903
3767,0.12708504
13865,0.030022137
4702,0.07558242
7527,0.094529584
13492,0.056698043
24766,0.05222769
29756,0.020746568
29955,0.21642831
1082,0.29557285
20880,0.118811674
2110,0.044197157
31413,0.095579945
28140,0.101614326
28647,0.04628567
193,0.05677315
1959,0.13956167
4713,0.08903219
9258,0.019416919
22472,0.062052064
3840,0.1729035
14796,0.12949209
31871,0.08955373
14167,0.27471593
642,0.039253715
16677,0.0756055
32637,0.32295868
2777,0.20035371
25291,0.08383172
19830,0.05723199
24382,0.10573903
25422,0.058080588
21729,0.058677293
7632,0.09197393
11525,0.21923257
29891,0.105876535
17118,0.24573243
25823,0.159534
24135,0.1138145
2875,0.08640458
21080,0.18606919
14548,0.25127622
9599,0.084558934
11078,0.076529875
17102,0.17357112
17780,0.15184297
5004,0.061811093
7577,0.08590275
765,0.14792095
23244,0.16282213
2759,0.0173329
19259,0.07108416
4619,0.023404097
11191,0.017188482
19568,0.19062
32058,0.076267
19786,0.08580923
12755,0.054516867
16913,0.072890475
28478,0.063530035
9202,0.18950869
8434,0.25842562
21820,0.0796486
18427,0.027238337
4298,0.106276564
28631,0.16423507
17887,0.17699045
13876,0.077197455
22896,0.26677808
27593,0.08710091
29923,0.33299404
28305,0.077142626
13875,0.08248167
7232,0.13420436
1333,0.07637014
8942,0.13930571
13435,0.05217835
10795,0.083357245
6168,0.064541064
16557,0.10312629
22450,0.2980101
4217,0.17435938
13349,0.043737564
9530,0.14409168
7377,0.0665854
10720,0.07146325
18928,0.049514968
19447,0.11353666
31053,0.1767042
20736,0.049146075
22244,0.08645401
12202,0.14243314
22843,0.13937682
23656,0.061652493
27718,0.05914005
17437,0.036508944
15899,0.05682903
2824,0.04791321
18327,0.12002075
2370,0.080807924
15303,0.42042887
8204,0.043944586
1407,0.08877899
24534,0.053107332
7432,0.05703019
29581,0.1664669
16386,0.06831682
854,0.2190213
13690,0.041829143
30548,0.121099375
29488,0.1463391
12856,0.06306568
26018,0.099384844
10449,0.04309318
29653,0.117615074
31007,0.04115655
23408,0.06253497
5166,0.03909982
2624,0.07469111
2245,0.042413898
18473,0.106553495
15369,0.3733032
18154,0.22212712
7690,0.17324685
4102,0.09494258
3339,0.29675913
20257,0.14236465
1863,0.032919854
25143,0.07051427
13931,0.11755512
2922,0.1199287
1542,0.12171241
5375,0.03773364
6342,0.11421784
4387,0.045018055
27427,0.08492417
17956,0.055297036
24808,0.111832336
23716,0.026085502
20280,0.033705704
22370,0.2500315
31001,0.015397174
15382,0.056147207
10089,0.077887625
22319,0.35073018
4586,0.40979266
13008,0.007934443
23034,0.2231629
12821,0.2434554
1714,0.103405565
33282,0.4328346
26277,0.049162734
1663,0.11961372
2569,0.11854253
5090,0.08896106
27426,0.16066669
20408,0.04555505
1401,0.28393453
30868,0.15577362
27766,0.23145881
2877,0.10471005
17376,0.03372443
14664,0.075689726
1885,0.09773299
11621,0.14114767
23732,0.052354895
7900,0.022162186
17743,0.0767046
25787,0.14763522
6510,0.059235837
25831,0.11757622
15557,0.11920886
6028,0.04697507
10568,0.027734991
29344,0.036142126
16588,0.29696217
32373,0.058290258
10042,0.11115181
29981,0.028807946
29062,0.12233827
2500,0.12653123
14670,0.10882451
508,0.12602273
24186,0.2623819
24405,0.2116261
8320,0.06022399
19075,0.03477511
31930,0.112419665
23458,0.045633048
8724,0.09651872
13471,0.060800508
19345,0.16548942
17883,0.09451426
28875,0.30441815
11883,0.05592777
29609,0.064251274
5961,0.07930537
10278,0.07274353
20596,0.18246122
14111,0.063362524
16536,0.025321454
14614,0.27014235
30835,0.29024613
22254,0.16104323
6948,0.058856785
24490,0.07105049
17872,0.051034506
29111,0.06456846
33290,0.3317664
25595,0.074015
27809,0.06665861
18756,0.090337574
29868,0.123696506
4976,0.09706022
27241,0.09241723
2819,0.12456971
19361,0.058186356
25348,0.02523487
275,0.043411627
3527,0.25583765
6900,0.07276422
6601,0.20068312
4255,0.053178888
15102,0.057624977
28095,0.15563615
18647,0.05854227
9102,0.1816928
26614,0.03437145
9148,0.026409503
12701,0.38606977
12430,0.17613874
1572,0.079131916
32339,0.13386562
11154,0.12566051
14068,0.108638674
21959,0.05508008
29543,0.12392882
13399,0.39852723
30795,0.1265723
32475,0.08166663
10948,0.08608691
2641,0.07642254
10235,0.14789389
3331,0.029617324
20648,0.0692119
9132,0.3778404
13299,0.16636372
3761,0.21867958
24908,0.49464503
28064,0.20443757
24140,0.11566599
18597,0.05111684
25576,0.13551849
13031,0.09256597
6946,0.08899399
25497,0.10231515
7812,0.014804842
31777,0.34028417
26629,0.0476078
11736,0.102170765
32388,0.07716874
26797,0.2418826
14840,0.0333386
2152,0.04788699
29272,0.3466282
22222,0.08317985
2418,0.09600136
11553,0.17510508
26010,0.029728815
2566,0.036475167
7510,0.12951219
14344,0.09594003
4655,0.07072464
7321,0.14300679
24060,0.085065804
21702,0.02780409
5288,0.042922944
2004,0.11309135
22083,0.050790895
2324,0.17576794
23183,0.074502066
31057,0.16805834
18893,0.13387935
24753,0.098603256
30936,0.057908982
6305,0.09132442
13337,0.18065314
11065,0.10921331
26953,0.1947272
530,0.10388645
4728,0.11726454
20710,0.06954313
13056,0.058130838
30183,0.14469218
11816,0.08271536
26451,0.045133002
28324,0.057934403
22191,0.052342173
28113,0.121091515
15018,0.2690294
29317,0.41060832
43,0.08297238
12669,0.02232032
11200,0.08078708
16723,0.11192258
12666,0.06307051
6873,0.17916831
28602,0.12183827
30052,0.36877385
7019,0.13569538
18880,0.085912734
18689,0.104359284
24783,0.13266785
22556,0.14720619
7131,0.119620994
25939,0.30217358
12584,0.08340852
13193,0.021908712
4725,0.07181684
16799,0.11481163
837,0.076451994
12704,0.03199148
27139,0.09425076
10994,0.056608714
9797,0.085874416
15860,0.03096604
20426,0.09988828
6309,0.07666193
10894,0.060981803
3468,0.060809243
24344,0.16222392
29746,0.038234703
29547,0.052029666
21682,0.15396398
6322,0.21830662
9651,0.33895135
12234,0.07563533
29681,0.066334076
31404,0.061329637
24079,0.2548716
659,0.13937683
12473,0.08181511
6857,0.065768115
15302,0.49316615
24771,0.08313404
31257,0.048511364
14231,0.046517935
18097,0.03387547
5627,0.3170728
28816,0.23423654
8308,0.11360481
28076,0.18685032
6851,0.3813611
10466,0.12884147
27489,0.14185098
26170,0.18130374
32524,0.066460885
1494,0.04218142
22579,0.18000026
4633,0.21553348
20737,0.023188958
740,0.06488469
27238,0.05866759
17589,0.02942798
3109,0.07197741
3995,0.10379577
5975,0.16887024
28642,0.106171966
10161,0.12499577
9913,0.20238931
207,0.41727036
11469,0.08822674
23132,0.05023802
24156,0.10139925
12613,0.070403695
10444,0.122033924
2591,0.043901704
5019,0.18118626
439,0.07056255
14894,0.18935317
8965,0.05075294
23829,0.036754243
16843,0.08773812
25943,0.069679976
31881,0.061399717
18510,0.10486939
13180,0.16199093
22717,0.22385667
17258,0.55485123
648,0.452562
11848,0.034275196
5475,0.04332729
1091,0.040782023
9344,0.073284775
6624,0.05728043
29250,0.3035088
32717,0.04728658
1946,0.2674365
30857,0.1522056
22217,0.02094178
27415,0.3109843
19423,0.2180528
8264,0.28312463
5212,0.09766755
24414,0.10220865
20134,0.13502589
11316,0.09581323
21695,0.3208148
13949,0.09204643
8998,0.11264471
31591,0.13179705
13530,0.10643475
10717,0.091239825
26577,0.14076667
2163,0.11486478
24351,0.38492262
30745,0.11933564
17372,0.06662005
25678,0.10875869
147,0.05782892
31658,0.021972962
27311,0.13692561
7097,0.042711925
3584,0.041446388
30770,0.092824034
21432,0.11999308
28783,0.09529646
30445,0.09382849
13609,0.1366361
8731,0.070323266
963,0.06139863
14792,0.055734728
3225,0.04160457
14694,0.11391167
1662,0.15238778
20811,0.05346546
30648,0.07061148
20770,0.03125929
12923,0.06254858
30557,0.08722544
9340,0.14699514
144,0.1385794
5078,0.043809168
30470,0.14897263
9953,0.14865422
15064,0.09729673
32181,0.04544185
8136,0.03976294
2846,0.0715582
13362,0.33227617
14554,0.26426902
5575,0.06511826
5648,0.08155325
25443,0.036181998
15576,0.13103735
4654,0.0132918805
2226,0.09801011
11539,0.029625226
32533,0.09149143
30543,0.12626216
14931,0.07218946
28706,0.15229629
3610,0.09425579
28217,0.25813317
136,0.27032962
28177,0.14381747
30721,0.027735967
17862,0.12471186
27670,0.009737544
32555,0.102426335
10862,0.015828172
26298,0.1214613
8005,0.1646291
6981,0.082071416
2345,0.16879635
3361,0.06907778
28698,0.37915182
30838,0.10156697
14628,0.060630165
18745,0.07134165
14845,0.093710706
26437,0.26539335
4828,0.19411421
8711,0.16045356
8521,0.22158156
9327,0.023906905
14730,0.04498036
27863,0.02822123
15753,0.19339512
18664,0.06857592
16128,0.15793993
23529,0.19262332
32334,0.16170539
30409,0.05323551
7648,0.21843463
25395,0.017573021
22124,0.03629081
29391,0.22929597
12866,0.036664236
16057,0.009330856
17866,0.12362743
17614,0.09994145
19285,0.26131624
30064,0.16727448
26618,0.24420623
32915,0.13602841
31444,0.030884137
23370,0.09170756
30206,0.10869351
26735,0.06786417
30810,0.15173048
3037,0.108400814
1143,0.053546574
25535,0.2180638
2006,0.03318716
23849,0.013303923
26473,0.055827036
28505,0.08562918
23535,0.081628986
28728,0.09963829
18752,0.46330595
9656,0.050561108
21059,0.17734836
21058,0.20850012
4959,0.051840473
21300,0.09634663
29913,0.0977551
10532,0.561403
17147,0.06262537
2337,0.08380052
30333,0.08947177
12498,0.104197145
9841,0.12920502
27214,0.088202104
11296,0.043509256
31728,0.065772764
32960,0.1589564
28186,0.01563879
21955,0.04993895
24661,0.187932
22491,0.2370417
7516,0.06376314
20287,0.03379604
28666,0.0051713237
9635,0.058877777
30357,0.4044379
8662,0.12695314
7753,0.03982714
1804,0.28540787
20156,0.17088994
14550,0.45181292
1481,0.11656074
30358,0.17474589
13767,0.115313366
25777,0.05054764
13809,0.10051802
7402,0.13973862
5091,0.05226256
25712,0.28913978
31113,0.75897086
30523,0.29306105
14113,0.06947747
24738,0.058793627
21839,0.13687475
6006,0.30268028
4591,0.081489205
27443,0.05054764
4056,0.075455435
3089,0.22178547
28762,0.18190843
18275,0.085503966
26852,0.013740207
4205,0.11310731
12207,0.076731436
16870,0.035348263
18608,0.13188058
27635,0.043944445
23908,0.069730915
3413,0.23658605
22911,0.503597
28044,0.17969805
24759,0.09431438
17667,0.032136563
20870,0.062494576
12782,0.062775895
8519,0.073969945
31804,0.04541247
27429,0.09562342
6524,0.1315101
31321,0.05479243
23047,0.14366592
32303,0.057465974
16284,0.109473474
27992,0.07066134
29330,0.27387318
10266,0.07158434
19689,0.22313008
11597,0.039544884
15424,0.27053145
12112,0.027048238
6997,0.03228757
16034,0.021670785
11900,0.21548277
2665,0.08590275
13406,0.30218092
1393,0.105170764
30753,0.2403622
32319,0.04289215
12178,0.27564844
24051,0.05887398
26237,0.09504686
2184,0.022853175
13954,0.0642799
4038,0.048441146
12421,0.39679956
23352,0.056905102
12865,0.03318618
5511,0.11674461
21861,0.18793523
20413,0.017481714
32673,0.11215345
13787,0.07240451
5782,0.059196718
5021,0.10092768
27312,0.0846125
23879,0.2795012
8807,0.0571746
25110,0.036476895
4404,0.07182205
10637,0.0825108
17927,0.19866726
29427,0.041353498
27225,0.13100912
24724,0.20826629
7621,0.058921628
27091,0.23877332
6779,0.10227299
23660,0.015181861
21937,0.13076231
19895,0.037594408
22488,0.12309758
26215,0.11161316
29536,0.027597826
24208,0.06868887
14626,0.09188671
9333,0.2711834
22062,0.18598694
12083,0.22016348
12043,0.27778256
31467,0.01837046
24303,0.3665671
11114,0.42708316
15914,0.205466
26487,0.08361452
13412,0.15561251
25367,0.1163592
10313,0.056534372
16475,0.1864241
30793,0.11320275
6715,0.2588829
6928,0.078761555
11522,0.24590637
3605,0.23256974
7794,0.2628076
18796,0.05299297
4225,0.24014665
7801,0.0237495
30656,0.13215768
26152,0.30857328
21440,0.014096114
24654,0.059704266
31716,0.17893419
26695,0.04031733
27669,0.07265818
29484,0.2580822
1920,0.2455436
20721,0.10653497
4032,0.015428977
16886,0.2040332
10332,0.04473823
20384,0.31875074
4013,0.115160234
19730,0.09840172
12580,0.052751206
7712,0.03240055
16514,0.050479155
16648,0.11042782
19937,0.06498171
28488,0.49469778
12156,0.033589732
7544,0.027491495
14407,0.13713579
7430,0.31684744
8820,0.09093459
11441,0.04635379
28616,0.05958145
30173,0.05080291
29096,0.06926142
13110,0.09408249
25769,0.19483852
7894,0.03675827
7738,0.15412933
11011,0.14133802
27126,0.21221359
23693,0.1501345
25185,0.05003962
19491,0.20595318
20319,0.07728609
9771,0.020370666
27661,0.123966165
8100,0.08274157
3568,0.0887149
17824,0.18324937
16010,0.23991202
9807,0.017539531
15222,0.3812926
31329,0.0964199
15672,0.0111446595
28231,0.17108658
32274,0.026358742
24110,0.09654087
1953,0.14869942
6607,0.22550488
5864,0.088183105
24363,0.11725662
12479,0.14076148
25553,0.12010951
12840,0.04043195
26732,0.37364426
32333,0.22485124
11596,0.13926135
4440,0.10111373
2336,0.074752755
29554,0.02834576
8561,0.114203684
20443,0.0420956
27800,0.12269529
15426,0.10935929
16463,0.09495538
21390,0.29183647
9529,0.119257234
6968,0.077607736
19975,0.5335986
28949,0.049711104
6565,0.16003047
27752,0.060051206
8364,0.026128668
4065,0.23229502
30790,0.5545668
20044,0.014699704
3563,0.15668987
32429,0.085103445
21842,0.07470619
14749,0.019653616
15574,0.072468095
20540,0.08062975
4906,0.12262033
29483,0.06693276
27331,0.07615997
22467,0.07796507
27398,0.07987738
27873,0.112760365
627,0.3517158
12636,0.0807959
12561,0.07832863
7179,0.101651
27289,0.10015896
18942,0.07027205
25311,0.13658363
12983,0.09722429
23699,0.07653908
4170,0.045224577
31803,0.14478037
7108,0.058694422
21687,0.18232414
13677,0.044664085
2861,0.056271102
21425,0.1107543
26311,0.061092343
6701,0.07495535
11729,0.08319597
27159,0.122428186
13088,0.12325236
21709,0.024051951
23392,0.1683777
20285,0.028228665
27952,0.40732333
10460,0.019945178
32371,0.03925564
31527,0.06912301
14276,0.13916574
28384,0.039065767
33260,0.32235926
29660,0.020722395
1078,0.10047969
26819,0.06339308
28679,0.1514399
28083,0.061479434
3971,0.13952999
31742,0.105334885
9393,0.15436953
17527,0.028143251
28285,0.17683224
3947,0.040045846
3903,0.21827805
10489,0.0599199
8869,0.07612529
1612,0.43974185
27540,0.09848534
10112,0.26635593
2457,0.10001499
4928,0.054338742
28461,0.08949955
22932,0.08370017
17444,0.09362256
7092,0.069715716
13772,0.16964927
6174,0.036458705
305,0.15446214
26116,0.07227149
20777,0.6118387
5728,0.06978946
22117,0.032853678
6818,0.14049257
32656,0.09695632
8276,0.058368046
25242,0.041885447
26137,0.16046956
31093,0.121461146
17073,0.09827596
8255,0.01586004
12912,0.3684663
3443,0.061929636
22212,0.008987331
8233,0.13470168
10522,0.30919096
25376,0.07634495
12105,0.16497473
27701,0.047915287
25415,0.17342173
31142,0.054874822
12348,0.27881357
5276,0.13839416
28313,0.13190937
31575,0.17811109
13001,0.15301767
14885,0.15526552
5081,0.040048048
25850,0.16122591
2783,0.3040018
30311,0.29125735
2332,0.019147102
30130,0.023660105
14717,0.022640007
32714,0.100182705
17800,0.14244616
1339,0.16698085
3996,0.08626823
3718,0.19549307
5294,0.09248949
22706,0.06679792
4857,0.069361895
32841,0.02305088
28807,0.08431418
5067,0.09494751
9266,0.06652761
1121,0.056702852
5662,0.32500535
9364,0.07675206
7253,0.02580189
15042,0.33747548
27843,0.05333827
27893,0.36482874
22,0.05298552
14051,0.08315866
2853,0.12730853
16523,0.16111079
12275,0.10853775
10578,0.09114098
22594,0.20781611
16090,0.031731762
10517,0.013418966
4672,0.11762735
12875,0.26123223
27049,0.034175664
3010,0.04445244
6817,0.17687267
17515,0.06032271
28103,0.023379838
3390,0.092420794
14261,0.036119543
22489,0.08837913
12689,0.16513875
16189,0.115785554
14926,0.13713612
7543,0.054907754
19734,0.058513377
31856,0.039827477
31521,0.13307191
20185,0.085084885
24643,0.2392579
15939,0.08800319
1089,0.04210214
1819,0.2271106
22891,0.08932514
9082,0.037452772
11229,0.06108716
18929,0.083335966
28043,0.19993058
10132,0.013803743
29841,0.07027015
21944,0.010333345
7693,0.06837338
29635,0.07318801
934,0.06994457
17778,0.03095703
31108,0.1259963
1576,0.054481387
3815,0.10357227
8756,0.09728635
29046,0.061832044
26449,0.06486259
1000,0.07277351
31406,0.07874832
8771,0.10775915
33042,0.07450144
150,0.113150194
27314,0.077750236
323,0.036934067
7297,0.03909417
25950,0.054446016
23073,0.18353419
2219,0.055279106
21934,0.114450194
26964,0.09339179
801,0.075570665
17834,0.114086665
14925,0.1689396
2506,0.12759678
6506,0.16079924
8208,0.20409189
29514,0.08099518
27384,0.0701858
1171,0.045999862
2002,0.35259408
30462,0.0845621
26631,0.04505622
12588,0.45187113
13291,0.4059196
32880,0.20158945
2887,0.06385404
13902,0.1354302
25449,0.1488544
3410,0.1971113
20404,0.17525482
26430,0.062279817
12262,0.057626948
13791,0.02770556
9296,0.085830726
19527,0.22933008
10583,0.0114412
731,0.35659495
22978,0.07380925
26817,0.06092813
18435,0.17740831
11784,0.15804924
22073,0.019864608
11314,0.015520104
32950,0.29962066
13324,0.13641715
11058,0.21505815
24846,0.42450118
8112,0.3869453
15704,0.12451551
19860,0.056059428
24273,0.050683495
5359,0.063595384
2268,0.039234083
4998,0.19294429
7136,0.3300565
26420,0.15738004
17730,0.08412158
4759,0.17074528
32455,0.10067318
32770,0.37036923
4852,0.57676864
31703,0.24063027
23344,0.023088636
21070,0.3259031
3213,0.036228646
17657,0.34972772
23306,0.11078413
13607,0.099836096
17166,0.044679463
24827,0.09068941
14192,0.06734051
2938,0.08822212
13735,0.03216521
21541,0.20282598
17524,0.08801861
3818,0.11189198
17484,0.111080505
31183,0.029961849
30701,0.047717277
26054,0.3080924
9242,0.102046885
13526,0.06305886
851,0.11429777
20480,0.12166071
31893,0.5130963
15139,0.044720892
7948,0.075100705
26146,0.07031036
21139,0.108303905
32155,0.012121495
15740,0.027187089
19939,0.08716574
280,0.30961874
23737,0.07512602
3842,0.050917324
2106,0.1146097
10544,0.30308515
33004,0.1508613
29886,0.13655026
21204,0.107142106
829,0.08505634
13629,0.279418
1459,0.050641965
368,0.0865245
26663,0.07734055
31172,0.1577973
711,0.06338181
19923,0.095305525
25900,0.09445845
8754,0.060192265
15598,0.21284907
4988,0.047389813
26912,0.27147654
1402,0.045879558
21155,0.10196157
10076,0.1121666
23009,0.117750995
16848,0.47547433
18830,0.07253026
7242,0.21489327
23537,0.06685829
6768,0.07317958
14963,0.11613214
31188,0.32180977
23433,0.062070936
28236,0.07508371
29413,0.17825718
24548,0.05539808
24597,0.076458625
27372,0.0066447593
127,0.11910731
22416,0.25946778
30334,0.039482728
1080,0.12787497
15728,0.04847208
26114,0.28865898
13336,0.62686116
14958,0.093554676
15950,0.10572133
20392,0.0797534
17362,0.32947293
28533,0.12357854
20624,0.29685915
22760,0.060749218
24233,0.12601773
28275,0.047864985
6474,0.08465866
16698,0.1380573
1291,0.041986484
18216,0.033150293
6684,0.07487957
18019,0.10420177
26343,0.113283195
30141,0.080001086
25373,0.17532705
17327,0.4648328
31415,0.0043182294
23674,0.31810048
11421,0.12448107
28902,0.14313775
16318,0.06170349
25951,0.058439333
30570,0.07697465
22665,0.11766758
6175,0.05711709
33292,0.17587978
5299,0.17315732
9074,0.111038394
31879,0.15840872
29375,0.17651986
18827,0.17739052
5503,0.037050553
21019,0.10903965
6813,0.08323962
32197,0.23715246
4878,0.06895593
12732,0.03529959
19348,0.17020194
22672,0.07670909
16289,0.18189532
8278,0.025433809
1770,0.0784857
27820,0.05238649
22887,0.08628095
21523,0.04540045
3137,0.044102542
15466,0.16996853
24688,0.22097494
20006,0.11172307
1298,0.09407938
834,0.09567494
28266,0.26071194
14525,0.034262884
32623,0.022451444
12817,0.1419475
26438,0.18598543
27265,0.19492382
28281,0.060116015
7209,0.14325994
12080,0.2386533
27347,0.04934658
28861,0.17251512
18722,0.13185513
31698,0.096979536
17970,0.19455904
4638,0.2006852
29767,0.10147389
17861,0.332609
11946,0.2538153
3169,0.099993795
686,0.07045909
27520,0.124548614
3841,0.11735862
2123,0.0076826112
16405,0.08969461
32323,0.07824582
27508,0.02578057
22593,0.23055837
30041,0.27301633
3151,0.06659091
23253,0.12056163
24306,0.17324069
23478,0.17822677
15995,0.04422829
4962,0.021032942
15924,0.034413904
8708,0.10425903
30492,0.07325368
11859,0.011398333
18210,0.07893076
18884,0.0904441
22351,0.09894159
30975,0.16254513
22740,0.07472392
9968,0.09069322
29025,0.08655828
14869,0.077087276
10296,0.08442428
20616,0.1136994
32261,0.1767776
23988,0.09401282
6153,0.10801315
22035,0.090644784
14520,0.112051725
5913,0.0643926
1279,0.0055168187
2394,0.031078842
31387,0.019457866
11097,0.11894856
19319,0.06877008
18083,0.21981472
18911,0.25019935
17733,0.25347874
4920,0.021206511
22270,0.03951503
24029,0.18799491
13144,0.1295628
7528,0.07072373
29745,0.18406236
11412,0.17021209
243,0.024742682
20670,0.10305497
12183,0.07017988
19896,0.024749422
23065,0.21608146
21408,0.13067424
18787,0.13629726
19979,0.099986546
24676,0.14849214
23785,0.18857776
3183,0.026155246
12208,0.14045283
3987,0.10073646
33354,0.035282634
11395,0.020379346
15438,0.0929564
31339,0.0077989744
32435,0.28818792
18563,0.0486975
32945,0.1022854
29939,0.12531474
15856,0.05360905
6029,0.114946574
23076,0.20990048
27058,0.2529039
26640,0.029380014
24155,0.44601485
7034,0.27676025
57,0.09498159
29973,0.111450806
15300,0.4761906
2373,0.07284934
33012,0.08301362
32921,0.08391729
644,0.056115143
21686,0.19560926
12289,0.023547182
5777,0.52125776
27844,0.04078653
4382,0.24486618
5840,0.04897701
15,0.090416804
15943,0.032672666
10585,0.019176783
8420,0.4440836
797,0.08241592
22720,0.0756258
20656,0.084880814
16244,0.14775084
20843,0.067271136
23303,0.12825243
1452,0.030584108
31070,0.13620234
29641,0.05715687
25377,0.15606487
31078,0.2999152
5157,0.17315045
27321,0.2057901
32338,0.067398645
29566,0.057866696
24599,0.07851997
32232,0.06693892
16578,0.04230322
22121,0.055817854
27353,0.12262931
29013,0.13487518
4636,0.03550949
13843,0.10676274
12347,0.056691997
32036,0.23689224
25768,0.09733282
13400,0.17846926
26530,0.048882633
16498,0.048776783
25416,0.165618
33019,0.33215287
29045,0.09446306
25526,0.115435906
6964,0.1276694
17737,0.21089715
32354,0.0349558
5176,0.26303083
17471,0.13267726
3928,0.033194456
23861,0.030688142
10641,0.11778505
27934,0.045356005
17316,0.07247671
10777,0.084104985
28494,0.29474297
31226,0.054406103
25681,0.16267425
32892,0.02518078
1129,0.05530607
24988,0.29663536
24621,0.014874043
17997,0.02480369
12338,0.11849291
30552,0.2152725
31543,0.050625812
12872,0.054079104
14263,0.23671784
10917,0.09705297
6824,0.16568728
22527,0.83085847
3098,0.61101896
13188,0.2260688
578,0.11819658
12021,0.047087066
16260,0.2189609
27761,0.06983015
25126,0.1100922
29424,0.11727279
13929,0.07111325
17851,0.08380085
23329,0.16454948
6492,0.020428563
23421,0.14131248
14629,0.0826966
5553,0.09296597
30262,0.17750002
22803,0.037425347
6381,0.041094657
30879,0.11202357
2396,0.029639315
1873,0.09436908
23991,0.13470888
28646,0.11123358
10703,0.06214696
673,0.28104392
19883,0.15451539
7144,0.06652218
12606,0.08289185
9014,0.13898355
4288,0.019414341
13286,0.16033247
30053,0.045183767
1070,0.067398675
21808,0.42398888
282,0.044414155
13357,0.038472515
2099,0.39848983
30382,0.23424704
6204,0.03099714
13075,0.026312744
25758,0.058339987
2487,0.12536941
5077,0.17824654
14501,0.16792595
28640,0.1977959
33204,0.022633761
13761,0.06237021
16011,0.03212906
31193,0.04751336
8319,0.13584656
24333,0.17355675
17850,0.11761028
31089,0.047360286
9527,0.07262509
973,0.13177031
14368,0.12817939
2275,0.11155287
21604,0.44221184
10273,0.04007318
26226,0.136762
32561,0.07652627
11558,0.22566423
20611,0.06629514
26636,0.016689023
15929,0.080052845
33025,0.19214843
23393,0.0986595
23698,0.12268696
20838,0.08177296
15681,0.058276977
23209,0.20923626
27892,0.042147834
32929,0.06993052
19577,0.020162396
19213,0.17847049
20688,0.09988073
10223,0.041847803
1915,0.03684854
3593,0.015766274
17842,0.08764193
13174,0.12211274
12724,0.25167742
31517,0.13548373
13837,0.04182242
14611,0.0587819
16952,0.08061217
10403,0.061540052
26432,0.041782994
17658,0.074239284
18904,0.27435362
29758,0.050687272
15742,0.15959774
12058,0.065594874
25193,0.061457742
9382,0.072516814
10214,0.05684962
25093,0.18178235
28202,0.048486907
3304,0.10787786
16492,0.08112712
16652,0.10428439
9438,0.018788345
28072,0.2536461
21785,0.21121791
32147,0.07155574
5820,0.085936874
874,0.07201499
17114,0.11041697
20660,0.04196816
29829,0.21650033
23261,0.020253655
22933,0.050286446
19776,0.08888492
26183,0.14155935
19316,0.06586496
15296,0.10386614
14572,0.10703744
21420,0.023466032
1661,0.2341231
9430,0.050795652
22231,0.071675725
12240,0.1073915
22809,0.11136785
1995,0.11065457
14676,0.13803571
21205,0.14946662
8626,0.04555016
7958,0.08275192
9002,0.091368444
16297,0.1323613
10942,0.6541432
21108,0.051058426
27066,0.36662126
19358,0.23087823
18547,0.5375862
23401,0.03918742
20625,0.098907866
6330,0.16334012
10688,0.16868615
29440,0.2825096
11355,0.04751315
32483,0.0570021
1644,0.35708994
4949,0.23798418
13557,0.15687855
3038,0.103239976
20128,0.1354425
5037,0.0543712
22955,0.1598248
31217,0.04256746
24138,0.044802863
17265,0.047111794
18692,0.086267605
985,0.062777735
10699,0.07876322
17904,0.25000712
31379,0.050308526
4256,0.04481807
11403,0.03974705
29165,0.07877647
5426,0.050725482
31481,0.3118645
23730,0.106262185
4424,0.07234811
28900,0.13009807
28619,0.08112086
556,0.07586086
18244,0.07188532
22436,0.1554855
29131,0.019664887
30742,0.08564703
29112,0.07001317
2132,0.036283445
31056,0.11870324
27983,0.18276785
2654,0.57003146
25559,0.06952925
2139,0.12461374
29494,0.38005632
14969,0.20005453
4704,0.15489833
21194,0.023279773
11789,0.025147997
9142,0.20965101
3833,0.05419451
13081,0.40257344
29079,0.12707563
28670,0.20601779
31554,0.04128126
24991,0.2260032
7874,0.15911715
10191,0.25149685
31249,0.10221663
11519,0.077490106
24415,0.046341725
8574,0.02683986
1795,0.048903722
31111,0.087074175
8113,0.037035916
21564,0.22611623
18272,0.12584871
9206,0.047388595
1163,0.19232474
938,0.06392586
14089,0.06609184
13284,0.06846721
24294,0.05717122
575,0.053733695
19123,0.10810495
13856,0.03362353
2528,0.11079108
21387,0.018495575
17982,0.17830805
7722,0.025200214
6835,0.011049387
12017,0.044077914
22618,0.06979468
9614,0.15479456
4580,0.20490877
30655,0.24146742
17507,0.18973775
20547,0.21411699
17638,0.11251006
30831,0.008678639
2927,0.3584682
7038,0.035843898
28981,0.029786384
21235,0.016484478
30096,0.053903956
17396,0.083483994
16273,0.40458184
21195,0.03193873
27674,0.07002677
15162,0.08136474
24011,0.08557945
14562,0.025580488
18764,0.07443447
5198,0.219662
6922,0.060831152
626,0.06507963
19404,0.15975799
11701,0.025329722
17393,0.050959747
21998,0.17222594
32884,0.16678825
8732,0.12439991
5209,0.2946587
19612,0.1606877
6503,0.18468964
11566,0.056381255
22138,0.07799057
33218,0.09074664
22094,0.04766182
8174,0.10376225
25682,0.05647331
26026,0.042906
31384,0.19131826
7218,0.0657971
16513,0.1027299
4946,0.24379836
24366,0.365679
14470,0.048873138
23473,0.40710205
17710,0.059284788
26192,0.14694715
30544,0.08093861
24650,0.08582573
19459,0.14601053
29894,0.2221348
23982,0.03126286
32190,0.15179944
20411,0.20744845
24641,0.08006432
16474,0.07576836
3391,0.14693594
13548,0.055599708
665,0.16292107
10318,0.304811
26453,0.09915137
6274,0.17165047
30537,0.059534222
26468,0.147706
2458,0.057942145
23457,0.17323966
25540,0.13740788
27209,0.08191384
12520,0.09417542
470,0.07583709
6882,0.090747215
6419,0.09105137
8583,0.26458544
22692,0.11015484
31196,0.083785534
30641,0.07131992
31916,0.16636372
11131,0.09816517
720,0.28354725
435,0.07159782
24290,0.12723787
19790,0.09981302
31924,0.256597
4660,0.019797092
20586,0.16828126
23606,0.25050446
1429,0.15812542
22086,0.07562211
9273,0.070862874
870,0.06654608
32971,0.3292721
9812,0.05615035
1275,0.09623696
14942,0.14652409
25269,0.040640138
19209,0.032195482
21478,0.07038911
7101,0.23650566
18958,0.1910758
13136,0.23601294
9549,0.3113457
32549,0.06885482
24735,0.15941681
16149,0.010193638
13635,0.13279785
8911,0.2069943
5065,0.011306635
5047,0.031338193
2666,0.056032866
330,0.03727852
13306,0.055441327
29827,0.3390201
31006,0.11568842
7005,0.0233524
28588,0.058583874
17547,0.2900842
33040,0.13990673
5253,0.07231747
8665,0.19549307
2259,0.121689014
24196,0.07588148
26915,0.036425732
8440,0.018869335
1874,0.2055057
8218,0.11317066
5455,0.11576053
33209,0.15351026
28136,0.09834887
8116,0.39242652
15711,0.012321254
15086,0.10286284
28515,0.025737282
23226,0.13555719
19221,0.25338933
7320,0.11836085
17045,0.0748793
11679,0.12311036
21528,0.36193818
3894,0.089892805
18479,0.49120957
10662,0.08379651
28303,0.0050218264
11437,0.031007463
24418,0.0911184
19672,0.019217903
30875,0.10172512
20572,0.02924493
14772,0.13013597
11632,0.098829545
1796,0.06608738
29389,0.054927547
13592,0.18358073
16304,0.35164666
32419,0.035957195
11949,0.07614744
28282,0.06028589
18193,0.04044022
7618,0.07818845
12303,0.18421037
25397,0.029737493
24053,0.15958913
18960,0.04235833
19503,0.15711878
18505,0.04955508
21493,0.07265479
18728,0.096018724
30561,0.38938716
29799,0.18320273
21343,0.018515239
25658,0.023380786
14972,0.0323191
17542,0.08953145
33364,0.058101762
27552,0.21084303
11042,0.18687893
24148,0.22244637
6769,0.24280085
1852,0.06140268
29069,0.032036226
5074,0.08043596
1941,0.116519995
15006,0.053902805
32764,0.033724137
26965,0.08140439
5222,0.1634895
6982,0.042325422
29700,0.24518241
31317,0.04973774
18735,0.077354364
13335,0.03584897
956,0.12688114
28837,0.40196317
22424,0.10813346
16088,0.021956516
27053,0.054959107
1562,0.23386312
13826,0.051822405
31823,0.5674003
19645,0.18262482
4377,0.17570068
22608,0.052520227
29672,0.1291648
8699,0.031460367
20358,0.07560247
29712,0.15571837
4113,0.18379052
28073,0.062641926
22925,0.077093
31045,0.098949775
7663,0.05378235
9865,0.1848015
15434,0.049692445
17845,0.1091302
19602,0.19696426
24151,0.28243506
7849,0.07389795
23639,0.12064915
18141,0.13559748
2271,0.28165048
16024,0.12133711
10796,0.076041
21459,0.17163168
25605,0.11458716
6280,0.050457492
25047,0.07846472
32070,0.23946808
16054,0.21602204
3460,0.034224264
1967,0.11051416
12100,0.073805094
10499,0.21506141
32902,0.26352638
4785,0.1303044
17648,0.013766758
17082,0.17844878
5049,0.13967022
21136,0.02971575
6347,0.1428925
32949,0.07267745
23453,0.03752986
32122,0.008361165
20108,0.10745327
16496,0.3721075
31541,0.07088675
23070,0.1770983
7308,0.20486878
9226,0.6898005
18179,0.35943988
29354,0.17618544
5076,0.19784819
21668,0.094611265
2743,0.015914239
22022,0.06841251
31994,0.073119156
28683,0.24063751
1840,0.000664599
1205,0.14221208
22354,0.029308384
1526,0.08344971
28545,0.13015409
26389,0.09744033
2609,0.0963831
165,0.07145121
25729,0.23867972
31785,0.303624
3375,0.0426798
32868,0.086892046
7680,0.14575423
14066,0.08884216
25685,0.32494947
5026,0.12010563
32664,0.10157856
23688,0.13358624
3019,0.04925944
28802,0.049475845
3698,0.056511607
7748,0.11373982
20422,0.040497545
22553,0.20232433
261,0.051109277
12881,0.12388728
18552,0.07559304
31878,0.060491722
27749,0.08238589
31375,0.13966931
17709,0.10099672
13282,0.048689857
30891,0.0412509
10062,0.16753665
11267,0.0662543
11708,0.07382915
24413,0.07908733
18666,0.15551503
21326,0.32192644
25686,0.069714636
14236,0.05321014
32350,0.039730135
12416,0.1444423
27626,0.07157268
3053,0.10759531
25323,0.03496432
10874,0.017455893
28959,0.06553463
939,0.073608644
10002,0.22499023
21824,0.085716024
24264,0.15650243
23710,0.18892924
17228,0.14987406
20766,0.08990519
7785,0.12878095
17969,0.36122972
20515,0.21777037
9343,0.052428324
20809,0.040315945
14355,0.11782363
14001,0.1115575
13969,0.07084126
29915,0.057616796
17788,0.13135314
24375,0.026066022
6714,0.095139205
6215,0.23826778
885,0.021640774
28092,0.056272745
9269,0.04722128
10902,0.12966944
23675,0.05497601
17876,0.100169644
13657,0.14066814
17832,0.06560178
28395,0.11055754
18406,0.16563076
16476,0.34707263
27237,0.07068466
16722,0.10295104
9317,0.08919785
3268,0.04073342
16629,0.03963977
18155,0.04378219
21346,0.29977912
20790,0.14563799
5311,0.15615375
15254,0.2660338
2419,0.06492314
2687,0.082895964
866,0.106334955
28341,0.04821634
12504,0.32799217
9805,0.13211672
12758,0.05736354
27675,0.03019698
19911,0.13635968
23733,0.4399454
23786,0.080492444
23907,0.16853648
669,0.07029604
29282,0.029338347
24449,0.272469
16678,0.097319335
4500,0.087273516
21852,0.1624619
31903,0.080615066
8429,0.063212685
1018,0.1712028
21350,0.04794759
12197,0.07166221
11494,0.09877636
18800,0.0366383
21670,0.0016704934
28877,0.04995386
16521,0.10439511
19372,0.1379361
32513,0.082475334
24218,0.048173208
28356,0.08215359
32268,0.10736212
714,0.15699312
1419,0.17852998
3069,0.05809101
11325,0.27067342
3117,0.10183283
1699,0.18775304
4447,0.22861478
29500,0.08804816
30871,0.08776593
30905,0.119776
15467,0.08599348
4129,0.14157936
26802,0.011739736
20281,0.15732911
5229,0.07955221
20965,0.18187524
27393,0.08771522
32775,0.056690227
17999,0.046909615
20405,0.24026014
8305,0.039983854
23007,0.4380904
10151,0.1285284
8808,0.049856156
30270,0.18699446
23838,0.07406306
5565,0.28975767
27399,0.055310465
9502,0.08411947
24315,0.15172635
27989,0.046902712
1366,0.09668813
29942,0.021117965
11433,0.070470184
9745,0.1733113
30369,0.03000303
26724,0.07151115
7885,0.6365062
5169,0.106793724
4024,0.115294166
5108,0.40529892
17555,0.2017047
24118,0.41893032
5655,0.08220452
30204,0.21522231
33002,0.08139305
625,0.28016534
7861,0.10939935
865,0.055137362
19710,0.035262913
8256,0.22495688
30265,0.2917893
11501,0.39906174
2156,0.20707278
5850,0.055019617
104,0.09455493
16580,0.15210132
16008,0.2345885
22125,0.05547175
4825,0.20335965
25394,0.12082504
21849,0.50400937
22866,0.09124776
9175,0.050809383
16824,0.13841099
2644,0.082856715
5564,0.13228193
13119,0.15240726
14108,0.35652602
28770,0.06837135
29654,0.07239752
32635,0.08785225
30120,0.19289123
30367,0.0821064
4270,0.16857761
18640,0.40024543
20233,0.09669315
8781,0.14393203
6657,0.1277195
33098,0.03525392
12542,0.053621706
14920,0.56417394
32845,0.04990584
13642,0.10842964
32480,0.061420124
1232,0.054364055
22323,0.11055189
12656,0.11500133
28548,0.06034955
8666,0.15985054
19234,0.07731662
31882,0.103302635
22133,0.17217691
29588,0.13572566
27950,0.27123713
21422,0.08516647
8835,0.036835592
28178,0.06164545
32151,0.26326102
5073,0.07254926
24926,0.11341002
2512,0.08524281
10241,0.12243878
3868,0.12571548
2604,0.16316535
27105,0.038696256
8238,0.68939793
27479,0.09449043
10400,0.13204253
3806,0.069049485
18696,0.08751486
12924,0.0054843905
749,0.21557793
9897,0.058124036
9677,0.23333864
28593,0.10100858
14037,0.042817365
4357,0.021888586
8799,0.30865315
4401,0.14273337
2388,0.14685588
1255,0.048235886
8226,0.019370032
25699,0.20732379
21590,0.4318828
18993,0.13950591
820,0.05008715
4388,0.07728961
19182,0.116048194
9820,0.17445399
25008,0.02255244
32616,0.097700775
14429,0.026500456
10408,0.27399707
2445,0.099960394
30140,0.1620595
33248,0.0580054
13666,0.06263802
22938,0.07376643
68,0.036426444
32732,0.20909582
30718,0.07802135
4315,0.0539638
29571,0.21736139
17698,0.11444655
7105,0.038533278
17817,0.087779045
30487,0.30166844
31661,0.0920589
21805,0.06770604
29262,0.100869864
22460,0.021500004
15788,0.046621673
7295,0.12208767
16424,0.07403894
3723,0.012056795
32278,0.25964478
30207,0.18940908
19184,0.050362382
23756,0.0046816096
546,0.06999081
7343,0.2631117
25657,0.084373325
28712,0.07051427
15918,0.33482462
21100,0.24233589
26407,0.082579575
16943,0.11832123
12961,0.07472173
30658,0.04989236
10722,0.06852334
23479,0.3702012
2642,0.2702591
7351,0.07514825
29578,0.119240455
565,0.071934946
1706,0.065818116
28225,0.09361408
3750,0.056814697
1811,0.16950409
5066,0.018310899
24927,0.70486575
2113,0.050718196
27501,0.0071078273
3245,0.08037516
7107,0.079598956
13639,0.045472387
11878,0.15133154
16169,0.21296734
20402,0.29024687
298,0.16049773
29040,0.22240414
26314,0.24774517
11128,0.20712881
17162,0.19849133
6050,0.109453015
32102,0.21144138
2813,0.1261824
26276,0.10696451
247,0.07859171
456,0.07905827
5152,0.02924549
24068,0.6597212
27745,0.16544762
8324,0.12950511
18205,0.023393359
14777,0.07350303
11943,0.19634683
25680,0.050715685
28059,0.07878076
1658,0.08076649
3266,0.07953102
14718,0.10323449
17164,0.066025384
26527,0.029528439
28693,0.14641273
15930,0.050403617
31209,0.1308836
30583,0.038367268
15005,0.111322924
5400,0.053693365
28819,0.17533943
23347,0.013654415
15463,0.34448516
5305,0.08110262
18152,0.055653617
17453,0.1081419
19900,0.10081742
537,0.09684511
30359,0.09420421
13995,0.08354842
11006,0.080892295
32905,0.1299243
4115,0.15286458
9205,0.25407335
6112,0.15057597
8032,0.10569825
23564,0.16005303
12390,0.65212786
12858,0.15014854
16760,0.17732672
14369,0.09792789
11710,0.09753462
10479,0.06044582
3786,0.08058311
31760,0.088795155
14346,0.35585493
13082,0.09535612
6238,0.08263161
23243,0.08097886
22529,0.06536988
12634,0.17623502
29078,0.1495534
3175,0.036409616
8859,0.44053906
20270,0.09009415
8343,0.012313869
14215,0.03189719
21897,0.043615494
29613,0.102870636
19456,0.31016842
12913,0.04845778
9239,0.08508176
3181,0.112232655
22879,0.03726007
28867,0.09353335
9330,0.07792683
2626,0.21588826
14230,0.24171153
25016,0.092759036
9796,0.079478815
27642,0.32364056
15979,0.03129049
22028,0.043982506
18203,0.028242623
30766,0.10403809
9580,0.1078565
2174,0.07219002
357,0.04083051
22646,0.17762125
2788,0.1188375
9680,0.05563239
23214,0.10203159
22263,0.056036133
6061,0.28108615
15539,0.057790548
14563,0.8014558
26196,0.062757604
9914,0.0410457
13371,0.03239285
13443,0.0915572
32519,0.11903614
1744,0.105450876
5819,0.014072549
25811,0.06721547
1072,0.065249644
17899,0.12448015
9816,0.054379184
18531,0.24537139
6944,0.019389031
15802,0.047675174
15510,0.07430673
23266,0.22645757
33192,0.18880671
1866,0.24383214
13835,0.48102254
13064,0.1466957
11588,0.065124676
10740,0.22715579
12423,0.028833503
30582,0.008651982
20250,0.19549307
24124,0.07533321
20980,0.103988476
2668,0.07118961
25925,0.039046466
1347,0.034911618
22415,0.31597924
21464,0.33100852
21688,0.11723622
14388,0.047081556
6755,0.14948983
25151,0.03699787
23746,0.06319818
30789,0.17629294
24077,0.034842268
11029,0.02874867
22724,0.03594281
18440,0.03358931
197,0.10637443
3892,0.05093872
20778,0.04942694
12157,0.07509047
23565,0.17689171
31158,0.052245907
11918,0.19172369
28652,0.13961083
3474,0.039629318
14739,0.09907832
33145,0.031016102
20899,0.16734427
5286,0.03585789
9490,0.06368202
26036,0.07980565
24746,0.102082714
14477,0.21975985
8822,0.09839125
19011,0.048275054
16745,0.07793589
4003,0.03189842
24201,0.3002388
22695,0.122710146
2816,0.117453426
31433,0.1500262
11882,0.19943775
17607,0.23738115
1155,0.036150943
3484,0.088202775
9441,0.032412536
7999,0.02679816
29423,0.0074508125
8000,0.02851048
21154,0.11659133
14810,0.03621611
21223,0.1884634
9196,0.031410415
21282,0.24701309
31191,0.048114054
17353,0.14021775
24081,0.2177998
2917,0.055468254
6914,0.4277869
29113,0.0612899
16845,0.02714306
27895,0.10174688
13591,0.14544626
33372,0.09804963
16500,0.24897508
29298,0.23503964
28331,0.1406494
30433,0.021077132
23978,0.096560724
5156,0.12756775
14893,0.13559142
926,0.055157624
18966,0.017082475
22095,0.1004043
31450,0.058485884
15348,0.08950305
31545,0.083254464
17506,0.025872534
14586,0.16453876
25567,0.18059322
4996,0.24055575
8326,0.07497977
24483,0.04344093
10882,0.51766914
24583,0.08524956
16757,0.12463864
28216,0.03364411
2659,0.19062835
6650,0.0715512
24223,0.2960608
9229,0.1495671
26454,0.12990186
14691,0.13712905
9692,0.17671306
29340,0.18212752
17110,0.19355513
17724,0.13799724
536,0.16754542
10712,0.13678752
5905,0.35961133
1768,0.06388554
10879,0.10410489
2951,0.046734285
20484,0.14789726
31574,0.051982727
22785,0.29199916
13998,0.07255629
2368,0.05113979
12259,0.018506
20267,0.020985264
24061,0.04247736
25359,0.21300295
6338,0.10599078
1891,0.4601501
25623,0.1598788
22395,0.20299697
28913,0.053019926
3280,0.13727455
7418,0.19222869
27689,0.11812521
30242,0.044827055
22353,0.08813132
20192,0.071834095
7986,0.04232521
58,0.09113398
20339,0.14270289
9003,0.02363153
153,0.10895097
31050,0.29555625
286,0.12304942
13807,0.12030895
11287,0.044021398
25640,0.19935128
329,0.095521115
22559,0.31140718
14425,0.25852153
18364,0.057393517
11925,0.15249847
13417,0.09710856
25140,0.05304749
279,0.059303578
19536,0.21131869
25762,0.11342279
16807,0.16580002
18378,0.20962152
5596,0.100421526
99,0.2593436
1316,0.03889108
28549,0.045649882
5281,0.11039585
15472,0.052921392
14592,0.28598186
29965,0.03750331
6912,0.027849967
16671,0.0897282
24167,0.0048053884
26474,0.10029334
19980,0.17710316
32100,0.08212111
23539,0.17994048
7616,0.108006574
27071,0.06200533
1028,0.0428202
28513,0.104416244
27541,0.12756422
5217,0.17393589
19267,0.17952758
20137,0.026874747
10119,0.09177558
19550,0.30186662
29863,0.20585966
32311,0.12829483
24551,0.10640414
16852,0.06392948
28496,0.21819523
13395,0.23258485
13314,0.18860659
32346,0.059133604
7349,0.100710765
28596,0.07112165
4553,0.23071505
18657,0.07357877
8737,0.070797704
10968,0.011712765
11378,0.18814148
18325,0.07862274
14844,0.013117332
14275,0.6059289
13967,0.37181765
26014,0.10727869
13040,0.14665434
12574,0.041298665
12645,0.27278882
9033,0.305267
22568,0.34215906
25504,0.21221004
21394,0.047096662
24930,0.49113226
2464,0.06355888
16118,0.035300802
26031,0.031833686
762,0.0569603
22711,0.015570611
9488,0.16284384
5688,0.1949705
17430,0.058802713
20782,0.08333728
6699,0.10764855
10014,0.13465798
10330,0.06973047
23592,0.10650514
17277,0.20358561
19680,0.039393727
20548,0.14005788
30856,0.12629011
3722,0.09424044
7456,0.02991994
10248,0.3633745
24486,0.049096283
17487,0.038316313
23558,0.20948723
24715,0.29300722
17808,0.12163039
1771,0.27955043
22361,0.3000921
11324,0.24892543
6641,0.029426318
14701,0.19194172
30020,0.22717196
20111,0.07014848
3637,0.15271185
970,0.18568256
21361,0.38327438
15350,0.15537068
19995,0.09510658
25775,0.028640995
14468,0.022610983
18676,0.051556207
3130,0.09829005
25522,0.09305957
27842,0.06078111
11126,0.06523078
32090,0.06291118
15748,0.060009878
26285,0.05978595
31002,0.1794338
18585,0.14777866
28812,0.22454791
2103,0.19009241
2531,0.08073521
21610,0.09507002
31791,0.0890784
27801,0.056853868
29940,0.105718315
8685,0.09538692
30886,0.05380525
15626,0.06123245
9665,0.061877053
15072,0.039825328
31722,0.036874324
21099,0.07148768
24872,0.16953444
26723,0.25481835
26554,0.0937319
27363,0.4137068
9991,0.08928643
2266,0.03108611
10446,0.17856143
4932,0.14641726
5161,0.46210745
9395,0.039404437
4746,0.058856666
28025,0.029626412
3607,0.07427395
8917,0.057742506
10447,0.06783207
6026,0.045465633
20300,0.3474883
28599,0.057412185
15256,0.106373884
9739,0.15153345
9416,0.043270532
11650,0.24348716
30460,0.16783139
23335,0.056901023
7001,0.036160596
10052,0.05263494
14863,0.08601864
29291,0.051992845
7060,0.171146
17855,0.11813852
18866,0.056910206
3283,0.03490538
2146,0.025136221
31973,0.070543446
9878,0.12923859
23949,0.019477423
3925,0.10717427
15021,0.04220522
7330,0.2711708
23364,0.009989604
2068,0.049137607
29465,0.09595686
17764,0.065813206
8617,0.54746073
1777,0.08322182
25942,0.08175234
12708,0.080613285
17903,0.004901399
5372,0.04712131
13272,0.121950865
23218,0.1462014
32227,0.53798395
28000,0.05357228
8567,0.08934771
25688,0.043599773
16985,0.09679212
13182,0.33119908
1558,0.14474668
12927,0.35209304
15493,0.16459057
12668,0.16950497
22494,0.6594599
17096,0.13789979
20504,0.067807004
30996,0.078486286
6748,0.007306837
23973,0.3166047
1621,0.09572718
10327,0.07049281
23943,0.073734105
21260,0.12545095
1807,0.02993336
18638,0.05505137
11830,0.21001543
2077,0.009781262
9050,0.034253385
6117,0.07280912
28654,0.036611136
28526,0.16371576
3084,0.09513512
12442,0.15303685
9008,0.36170197
33208,0.32950428
4262,0.11916013
8431,0.119970515
17908,0.09271551
1685,0.2984821
24613,0.019157648
27837,0.061931964
4768,0.046327185
17759,0.09523415
12235,0.02520318
1189,0.18456346
2454,0.15496844
6801,0.19665319
13846,0.107228726
10297,0.3072916
11755,0.08080566
19155,0.078437276
31606,0.10186724
25661,0.031005435
16975,0.055488322
27672,0.11202942
17989,0.09280343
32867,0.04875428
23318,0.08516803
28470,0.026654463
30442,0.10484429
22992,0.09418484
12273,0.03514306
12903,0.15193388
26981,0.060901586
14884,0.09488684
4947,0.17678495
32959,0.09551488
7697,0.21294284
7289,0.14671476
15201,0.11135446
12265,0.14217426
19774,0.1703357
26213,0.09560783
24409,0.11420461
9075,0.12603235
15712,0.16136424
687,0.044461645
23919,0.04156476
18140,0.033959653
1668,0.12359877
11844,0.044859108
11363,0.36531898
4485,0.16245084
21311,0.67380106
8532,0.083197564
23541,0.033862352
31028,0.0715857
15861,0.0242907
8659,0.11523662
9157,0.055009983
15258,0.02171173
31185,0.018860282
2447,0.21842743
28782,0.12432344
9173,0.028576924
32602,0.13773799
27706,0.03522324
18413,0.084756985
15506,0.038856402
13386,0.11173717
8517,0.064467676
8197,0.030218583
17343,0.2754296
6883,0.19500013
909,0.14273688
20164,0.07448085
11367,0.065547496
27192,0.06704543
31819,0.15157226
32087,0.113083854
16300,0.44003302
29288,0.26297846
22026,0.06200349
25070,0.10247157
6547,0.118090965
29410,0.11779618
15442,0.047294576
33026,0.1562328
17644,0.15859273
13549,0.2603323
1009,0.023405405
32866,0.10260072
27026,0.13384365
18053,0.15026753
15599,0.09226165
5601,0.4076014
26500,0.05809873
29455,0.14524826
779,0.04208318
12736,0.06867244
8354,0.21584716
23774,0.11049318
7296,0.11534228
21479,0.07167882
9978,0.095104896
21890,0.3495356
27438,0.016162135
27475,0.13544117
2427,0.0914383
20523,0.07099766
15107,0.048381176
16454,0.035016768
28347,0.07610372
29335,0.07305505
17426,0.09561896
3768,0.05915613
11578,0.2863156
32850,0.08204688
5636,0.19892052
9425,0.15221535
85,0.47477213
31218,0.14924683
22726,0.045100566
32727,0.47478363
5371,0.24750297
12054,0.068706274
6311,0.060779404
18791,0.24374396
9445,0.12024085
32094,0.14481066
12855,0.1038561
878,0.03140637
16238,0.30283237
3309,0.07276568
14679,0.046406664
212,0.07106001
9310,0.10274299
24968,0.030030124
22077,0.058756642
2050,0.19364229
23359,0.012724188
13745,0.21218792
27657,0.12215243
3732,0.23036103
8904,0.077037424
475,0.020778788
24166,0.0645907
29122,0.09430908
29240,0.12671089
27416,0.047631286
21513,0.09192072
22038,0.065977685
26509,0.088663414
9257,0.10013367
5550,0.029422233
160,0.12219898
32588,0.21362759
1336,0.024000602
27282,0.11134332
1860,0.2973188
8016,0.102820724
3237,0.16287944
21815,0.16339262
9073,0.05718057
9899,0.104740754
29738,0.041513316
31269,0.19109079
31285,0.11105525
9810,0.08149186
7453,0.10881566
28321,0.13835852
1674,0.06731377
8024,0.21898383
8791,0.084062435
14900,0.08017743
17921,0.062065646
13147,0.01611062
9136,0.03449229
20042,0.045590457
2383,0.10867691
16162,0.10565089
14498,0.73008627
24354,0.16425233
7765,0.19791737
13733,0.046970256
4431,0.33520165
27403,0.13347477
16774,0.08493378
4981,0.19767526
17860,0.07389803
16840,0.017211454
26109,0.053875953
15729,0.06459243
6703,0.075902954
15216,0.030300606
13688,0.33267376
18263,0.044499665
3675,0.08572771
30350,0.1768968
13201,0.09135918
28564,0.005533569
6617,0.1828394
21526,0.036315665
6568,0.29172412
1284,0.047214586
5143,0.18929867
10137,0.12833494
9834,0.335644
22561,0.085776895
8884,0.16798465
20891,0.05019308
32668,0.17584026
12941,0.10774558
871,0.0689685
23106,0.116539784
4365,0.07121258
30352,0.15417284
25468,0.061593253
15807,0.04613728
28972,0.3349692
19908,0.21695286
32977,0.119994156
26463,0.03531447
2444,0.20194624
21466,0.26281387
10373,0.089737795
645,0.10645462
27298,0.32645723
14847,0.25104365
8193,0.08192275
28594,0.007979192
925,0.04269846
7204,0.05791792
31633,0.07247071
1963,0.058964185
28943,0.014730303
7769,0.12634021
2105,0.19286534
23437,0.16797419
15843,0.054682974
7298,0.13803092
941,0.12797117
27574,0.22805692
10562,0.055068415
619,0.06324719
7181,0.2999302
14731,0.049440302
23337,0.024770908
4814,0.0985294
9137,0.063796595
11416,0.18563984
14615,0.069130644
2725,0.069479845
17422,0.3379662
4511,0.030963987
20297,0.20372975
31673,0.055729672
4199,0.053307872
29704,0.24839343
16717,0.22430916
5561,0.049402144
23138,0.111749865
12039,0.07788864
24563,0.28847218
10387,0.10729309
27679,0.14570422
16261,0.33890843
18293,0.076315515
13246,0.05420141
7570,0.12793782
19547,0.09212121
30194,0.06241001
1748,0.08604991
24500,0.20360336
15218,0.20819944
19976,0.09033564
21206,0.104906455
12142,0.39756963
892,0.06949797
7703,0.04347573
27658,0.08539806
5289,0.032559615
32796,0.11609363
32444,0.2049915
31092,0.2513517
19887,0.006708538
27044,0.034639858
15388,0.059093274
14784,0.058632217
798,0.05790093
32242,0.32250026
10122,0.107229374
2080,0.06531487
25845,0.14899008
894,0.04841702
21958,0.10755658
10941,0.079221785
12936,0.10579838
20302,0.2677807
25218,0.072317615
13918,0.0970804
15874,0.11328097
30238,0.08505517
10428,0.056092124
27502,0.15235238
27296,0.19432808
25871,0.06711375
11016,0.0374657
25633,0.043952703
11619,0.42078972
8147,0.057901345
9139,0.13874014
10647,0.03870775
2696,0.07288733
7584,0.21349648
14420,0.028633717
11315,0.19222248
16530,0.03287415
20425,0.12320209
7410,0.10885143
1195,0.23678686
16380,0.4019178
11867,0.14117645
18916,0.07220367
26263,0.060049377
22027,0.05126625
13839,0.12753968
1908,0.15768655
15951,0.18785737
8080,0.2072745
20541,0.41894007
12283,0.07186442
1910,0.14935575
12242,0.079733856
467,0.08334238
31267,0.069895156
90,0.089692004
32263,0.10456942
4902,0.077703185
33286,0.6050715
5328,0.1377332
8396,0.11577505
23242,0.18029608
1404,0.10861367
28648,0.057725426
19836,0.053524513
7117,0.09837344
26518,0.06284393
12025,0.024742099
21724,0.09747426
32587,0.064475164
13874,0.075946294
22221,0.060218163
25774,0.07912431
31766,0.403046
30927,0.110075615
13842,0.0597292
5830,0.20273718
28656,0.1413957
3980,0.08962426
11007,0.21240133
26062,0.100458615
13861,0.008670898
6892,0.0645896
16258,0.06930078
21349,0.074248776
11228,0.15294623
32380,0.10779081
33359,0.13450287
14643,0.037497465
13131,0.0980213
18843,0.018329633
12091,0.076448075
11261,0.06376173
9489,0.056422338
21637,0.107072346
18476,0.17699362
26694,0.43388906
2207,0.13013425
15403,0.031050378
19868,0.058576602
19082,0.18901293
3991,0.1993947
32485,0.18940759
26373,0.03264262
5833,0.10269371
14348,0.25273782
18171,0.16693628
16179,0.26407343
2422,0.087948106
24334,0.09048252
19296,0.080453895
6972,0.077568956
18988,0.038419217
26710,0.038304094
7786,0.23935859
9011,0.07490616
28528,0.09861749
1631,0.13643976
6095,0.09779015
3148,0.18078344
27176,0.10669628
2161,0.10457214
23174,0.3896143
2576,0.10198766
7976,0.05019272
21681,0.058526084
12599,0.12458697
14618,0.0501581
15648,0.122501716
22329,0.06904321
14015,0.17093877
358,0.11677196
9863,0.2623672
30785,0.078553654
14944,0.07207099
5440,0.068092555
3884,0.07152008
32556,0.07874862
2579,0.03276238
2199,0.11346105
1474,0.11545623
21107,0.0789716
27299,0.13539489
29355,0.04464001
379,0.041528672
13674,0.16355911
1108,0.010712773
1182,0.12693925
29297,0.19631635
6822,0.03523909
17821,0.07981391
32655,0.096229516
8993,0.16969113
29394,0.08294939
28826,0.38335797
9088,0.3595335
21672,0.050750162
24869,0.077266745
23449,0.07751104
12109,0.35563353
13249,0.06075921
29869,0.16006275
29979,0.29829198
24543,0.21811803
26779,0.16566941
31921,0.013638484
9976,0.056608714
32731,0.13980688
24275,0.0857252
15251,0.0718512
10971,0.098120965
1628,0.052868422
15581,0.08523811
10861,0.209726
29345,0.11900581
18286,0.12956578
27797,0.10539027
20846,0.16755998
21881,0.18783459
15984,0.047004495
33363,0.20073058
13462,0.28089795
22846,0.070043
16302,0.09140986
20700,0.053609896
16631,0.11511885
26260,0.1996386
33063,0.08650219
16905,0.029082632
20318,0.09985144
2729,0.058702804
8890,0.041574113
7215,0.11066797
28692,0.3164608
18162,0.057991803
9031,0.09969905
26550,0.065860026
29546,0.26618832
23402,0.10897835
4088,0.04699009
14771,0.02463522
20403,0.24229294
26553,0.12329191
24647,0.06439249
4293,0.097953804
29059,0.17002693
5330,0.36353055
20262,0.11842006
23665,0.07223949
26088,0.49997014
17760,0.16268569
20690,0.09406874
32364,0.129369
4610,0.00942595
11994,0.08541326
18721,0.08458652
31723,0.040252615
12751,0.11369458
25117,0.07717626
23216,0.07748433
22502,0.033533238
24276,0.15903082
32486,0.17935893
1870,0.08356503
16764,0.10375645
33121,0.14379819
21203,0.057180718
22893,0.18213148
8872,0.058677606
26224,0.22389889
10252,0.020222444
28326,0.06855853
27021,0.23040304
8102,0.039156605
23038,0.18224902
957,0.1619005
7747,0.0028037867
10474,0.10238461
1449,0.049159355
5254,0.15671332
13946,0.08164443
31307,0.063101046
26600,0.081066504
752,0.0892791
11195,0.03409775
6996,0.13966838
9450,0.12569116
27648,0.19888808
21016,0.05372231
355,0.03462114
16198,0.07366958
29553,0.14959422
30347,0.04200089
23794,0.10258927
10109,0.058424145
13014,0.056221683
12947,0.15984605
22279,0.07326436
9694,0.031533867
2397,0.2132126
23561,0.15251677
13162,0.11549918
15376,0.11113365
30336,0.069370344
11221,0.15083751
2649,0.12320039
16262,0.17822677
17099,0.05442064
21135,0.03219339
17452,0.2709118
4057,0.055785052
10696,0.06707524
15568,0.23822664
9469,0.31862947
5843,0.039038382
15958,0.17457357
21243,0.29917264
10623,0.026836604
28979,0.14720295
7581,0.042200413
11390,0.090419
6619,0.051670168
18135,0.05180812
10997,0.048598003
17804,0.12916559
1094,0.033637352
24210,0.06753364
9283,0.06724447
15769,0.12560911
24556,0.03716387
15831,0.041674387
4099,0.10926574
3306,0.17683068
5181,0.6497028
25010,0.2693879
25166,0.080057204
18889,0.05952275
3020,0.16771632
33226,0.029291907
9910,0.025722291
13454,0.26193273
16773,0.12081251
20074,0.094134755
9770,0.0656191
22097,0.00676428
18864,0.066321515
11933,0.12832256
21481,0.2136669
8546,0.06490333
23088,0.08660758
9952,0.07853083
17081,0.075144015
14002,0.06721377
21581,0.0253739
10646,0.034237243
8829,0.003959533
1186,0.03040256
23843,0.07888776
4755,0.3502018
24635,0.06066064
10195,0.04594967
620,0.032839213
29218,0.11933205
17158,0.04950964
3573,0.03009188
26740,0.07782985
583,0.14123964
24484,0.053536378
7382,0.1311346
23267,0.1984408
23523,0.03748284
28980,0.33056572
20939,0.13262296
20424,0.10943787
12447,0.11588478
5992,0.26742285
29155,0.062287208
2805,0.106219254
18356,0.21243757
12605,0.081746325
9164,0.053009614
11119,0.077379644
586,0.03912361
28865,0.18616357
5413,0.1672075
31103,0.10168255
7385,0.17700587
1010,0.022618257
31869,0.08202281
9255,0.12733096
3351,0.10700494
8370,0.11009663
9725,0.04107781
2430,0.12086568
9056,0.3354299
11947,0.18004599
16811,0.1539917
29706,0.045521975
21840,0.065588936
19596,0.15165211
28343,0.12196213
29043,0.13252774
949,0.13021682
22326,0.07585399
15316,0.51621646
16628,0.39717415
11620,0.11789929
32856,0.2481155
11091,0.06234897
21823,0.0369586
29705,0.33560553
18060,0.051116493
31095,0.2789848
2565,0.13802929
27099,0.06567055
18202,0.048924387
249,0.07598532
21900,0.09860865
31386,0.08434264
7565,0.20236224
6461,0.04957105
18985,0.045930307
30979,0.050486814
32370,0.05822185
29070,0.12209039
31767,0.17803936
4911,0.046397462
22511,0.0014868312
15320,0.036309574
4236,0.057203334
21017,0.032692783
28268,0.11107349
24584,0.38865054
15023,0.07319878
15841,0.019270232
30383,0.114502415
24013,0.3367196
19650,0.25614664
5416,0.1100922
25491,0.04202087
1410,0.16918603
9839,0.06765866
21472,0.37436122
7213,0.058819357
4543,0.17069402
7195,0.16609156
3317,0.11035851
6596,0.09778593
24120,0.04205431
28503,0.05870161
28009,0.119926564
23865,0.12473792
25492,0.16058193
22773,0.081499405
2854,0.04980539
11077,0.22476944
12322,0.50011176
19341,0.27986032
2970,0.0862353
24790,0.1802041
15171,0.026619796
24748,0.051124576
1914,0.04237801
7931,0.09831328
16961,0.0348224
8615,0.16232719
21768,0.29577136
32694,0.16496994
16224,0.1079306
20375,0.12962444
19834,0.37294996
5580,0.06534891
10995,0.043354474
30153,0.02454879
9443,0.05410503
28605,0.090137996
19999,0.08225526
30202,0.10394448
19516,0.14599143
23365,0.16719174
31448,0.050338462
4908,0.1577402
6100,0.23568788
7642,0.122432575
13596,0.026551215
13463,0.09056969
9301,0.06907268
11485,0.10109707
27459,0.08982629
12557,0.14337967
31749,0.18044591
25433,0.30155197
1058,0.098934256
24541,0.16180825
26642,0.29585955
12601,0.049030498
25090,0.13927674
6076,0.048858467
5797,0.05264116
15832,0.10173122
27152,0.22072192
14433,0.18871878
11151,0.11897247
5249,0.017652739
19815,0.04491471
14603,0.052005492
13044,0.16515882
25615,0.022965336
11998,0.21878836
27572,0.103678375
1751,0.053830065
33093,0.14640146
1664,0.2382862
24212,0.07672637
9510,0.037534986
14081,0.051410966
31363,0.08590275
32835,0.33581996
8609,0.064400464
31304,0.039237972
2111,0.06340605
22900,0.04675869
7573,0.07182893
13999,0.08668523
16482,0.4131471
4744,0.047220368
9609,0.41943803
12538,0.03155188
30195,0.020417135
11692,0.113914154
4607,0.1999679
31252,0.13250849
26312,0.1334561
10401,0.23372217
3422,0.11028527
20695,0.19149677
30071,0.06614255
3646,0.13390112
22582,0.07253506
24327,0.26304957
19237,0.19894044
9974,0.09573725
17888,0.08155788
24842,0.034699686
8983,0.073762424
26076,0.22749187
5251,0.31905037
20841,0.05904317
24995,0.10540858
2136,0.16474801
91,0.0685129
15732,0.0585344
9967,0.03545094
31730,0.025523636
24470,0.06875368
18632,0.048971325
20538,0.060973648
30690,0.040458597
29322,0.027495619
20020,0.09891742
5437,0.25041333
8652,0.060811162
31377,0.064710274
7677,0.09285171
19742,0.0732255
32180,0.079210915
7293,0.1345969
16290,0.2678114
31077,0.3372837
27605,0.041537166
8333,0.035608605
16432,0.08349136
29557,0.09850162
8618,0.22641651
1373,0.038325954
31182,0.048522998
7511,0.07976976
17983,0.011485259
21202,0.057766963
27817,0.08534153
7356,0.021158334
18808,0.122264
10142,0.19981001
25901,0.2119077
4691,0.08989031
11744,0.24236585
10650,0.06974335
3398,0.19833411
8601,0.5952901
21739,0.38816747
8593,0.050355982
4189,0.07578363
3234,0.09255808
31839,0.16105233
5517,0.1292003
6291,0.06688837
21758,0.08922259
23108,0.26894855
28730,0.03994069
30136,0.12192215
6638,0.29511538
4456,0.48912117
1296,0.12035015
23767,0.07829199
4761,0.10618801
24023,0.060046483
19721,0.088827685
20105,0.5665907
16,0.09085419
22344,0.085483186
17593,0.16670579
16026,0.051033136
4036,0.09137099
32922,0.5450809
3359,0.2718673
21792,0.23108426
18201,0.21792541
11340,0.039126202
13678,0.045530155
18975,0.118818544
26128,0.2510457
17685,0.04753755
15745,0.03068564
33006,0.087777935
33110,0.103729255
4516,0.028186485
22801,0.113107696
8029,0.18790029
18102,0.0884713
32912,0.042162716
12741,0.09155985
14178,0.063034296
10263,0.09999084
25627,0.048474994
30287,0.14765325
18946,0.06408179
21146,0.061926182
13296,0.19475247
15437,0.35213813
22566,0.012064016
22990,0.047489643
30862,0.06279166
14737,0.06330383
7691,0.09782995
19821,0.080436915
31163,0.34806138
12471,0.059173923
5219,0.060997482
21005,0.08763555
6270,0.06487459
2965,0.07711315
15879,0.10949565
16351,0.15295377
1746,0.084130034
15288,0.068444245
31371,0.052233264
18367,0.19167998
25417,0.07780224
12000,0.023328384
882,0.09666744
10616,0.041320674
11452,0.52721965
32630,0.2264447
4537,0.1984454
19981,0.06967801
29185,0.011970371
32838,0.31248128
29222,0.123115234
33136,0.49605122
6374,0.29671732
24741,0.03037121
22526,0.13159153
12917,0.11284766
27216,0.46667603
30630,0.16075128
18421,0.110883474
10118,0.19549307
6084,0.080131665
26885,0.064232655
32356,0.07523109
16268,0.12862845
31992,0.07206646
31393,0.0760472
7081,0.48964673
27945,0.059075076
15452,0.09309275
12191,0.05649184
82,0.030085932
17062,0.030147858
31073,0.546322
31174,0.07515613
12857,0.18160486
30178,0.05932128
13426,0.10040755
21766,0.04333648
59,0.04336832
12266,0.22290829
23383,0.061671756
12079,0.02936602
24298,0.024755346
30840,0.023953732
31801,0.038317993
27818,0.022869086
25888,0.08656942
26441,0.083054736
13619,0.09656647
629,0.005762098
28387,0.07133982
3798,0.20204996
12120,0.03971176
21396,0.14218064
10500,0.0866683
5419,0.24019834
25471,0.05253706
4295,0.10151285
15693,0.15065171
588,0.09931047
383,0.0918206
14190,0.5604223
14879,0.13059531
6509,0.23241965
16020,0.11837748
31215,0.10943034
23432,0.12085225
8556,0.053754497
2808,0.021722991
30530,0.44459176
11408,0.06066125
23745,0.02723042
14805,0.15203534
14836,0.009742271
11308,0.13586594
14612,0.1603589
33346,0.077887945
14506,0.14618959
32641,0.29313442
